elapsed_S,supply_V,current_A,BMF_R,target_R,PWM,#Kp:40.0,#Ki:10.0,#Kd:0.5,#avg:500,#freq:1000,#duty:[7-100],#Vth:1.0,2024/06/17-13:45:38
0.000000000000000000e+00,0.000000000000000000e+00,0.000000000000000000e+00,0.000000000000000000e+00,9.202458321293450538e+00,7.000000000000000000e+00
6.992228770000110671e-01,1.552424316406249893e+00,1.472529296875000060e-01,1.054256998282345137e+01,9.202458321293450538e+00,7.751322627179723668e+01
7.645514499999990221e-01,1.553432617187499920e+00,1.868676757812499922e-01,8.313008714283848022e+00,9.202458321293450538e+00,7.000000000000000000e+00
1.451739536999980373e+00,1.550764160156250071e+00,1.440620117187499938e-01,1.076455993953341839e+01,9.202458321293450538e+00,9.078979367032683001e+01
1.509973795000064456e+00,1.557463378906249973e+00,1.872275390625000036e-01,8.318559260592214954e+00,9.202458321293450538e+00,7.000000000000000000e+00
2.173025464000033935e+00,1.550917968750000098e+00,1.480371093750000033e-01,1.047654858499901032e+01,9.202458321293450538e+00,8.704606229386111238e+01
2.232325566999975308e+00,1.554616699218750009e+00,1.890747070312500111e-01,8.222235134611660001e+00,9.202458321293450538e+00,7.000000000000000000e+00
2.930505495000033989e+00,1.550639648437500018e+00,1.436953125000000053e-01,1.079116375795139504e+01,9.202458321293450538e+00,1.000000000000000000e+02
2.982094323000069380e+00,1.554116210937499964e+00,1.879960937500000095e-01,8.266747355954038312e+00,9.202458321293450538e+00,7.000000000000000000e+00
3.696763248000024760e+00,1.550373535156249982e+00,1.492397460937499865e-01,1.038847609793124782e+01,9.202458321293450538e+00,1.000000000000000000e+02
3.750159397000061290e+00,1.559763183593749991e+00,1.905463867187499882e-01,8.185740020859013200e+00,9.202458321293450538e+00,7.000000000000000000e+00
4.435527238000076977e+00,1.548701171874999893e+00,1.476396484374999929e-01,1.048973760277279865e+01,9.202458321293450538e+00,1.000000000000000000e+02
4.491423905000033301e+00,1.563630371093750027e+00,1.921743164062499898e-01,8.136521052003059751e+00,9.202458321293450538e+00,7.000000000000000000e+00
5.167987635000031332e+00,1.551298828124999973e+00,1.481059570312500129e-01,1.047425005192518732e+01,9.202458321293450538e+00,1.000000000000000000e+02
5.219854094000083933e+00,1.554091796875000098e+00,1.879897460937499931e-01,8.266896621584768567e+00,9.202458321293450538e+00,1.005691614744617723e+01
5.757959067999991021e+00,1.549489746093750009e+00,1.636650390624999896e-01,9.467444941017824078e+00,9.202458321293450538e+00,8.190170080856238144e+01
5.820977534999997260e+00,1.552236328125000009e+00,1.880859374999999944e-01,8.252803738317757265e+00,9.202458321293450538e+00,2.196427586823185507e+01
6.040538759000014579e+00,1.548398437499999947e+00,1.713432617187500007e-01,9.036821302267526335e+00,9.202458321293450538e+00,6.438455037773421452e+01
6.120582468000066001e+00,1.551687011718750009e+00,1.882314453124999953e-01,8.243505802883543510e+00,9.202458321293450538e+00,2.514363325232283586e+01
6.326829444000054536e+00,1.548337402343749947e+00,1.847392578125000018e-01,8.381203977311772135e+00,9.202458321293450538e+00,3.424681715242726909e+01
6.473029875000065658e+00,1.548359374999999982e+00,1.772304687500000087e-01,8.736417535430119230e+00,9.202458321293450538e+00,4.865505189368727912e+01
6.580830170000012913e+00,1.549394531249999929e+00,1.846787109374999902e-01,8.389675904627441838e+00,9.202458321293450538e+00,3.108613497858019414e+01
6.741938451000009991e+00,1.548916015624999920e+00,1.781030273437499978e-01,8.696741648503790501e+00,9.202458321293450538e+00,4.511516352676980546e+01
6.855971440000075745e+00,1.549760742187499929e+00,1.767509765624999951e-01,8.768046278032851859e+00,9.202458321293450538e+00,4.683164716538343697e+01
6.964478952000035861e+00,1.549096679687500089e+00,1.794721679687500127e-01,8.631403393740868069e+00,9.202458321293450538e+00,3.980399925880980305e+01
7.090750313000057758e+00,1.547189941406249991e+00,1.875263671874999871e-01,8.250519458201191370e+00,9.202458321293450538e+00,2.248806483687987523e+01
7.309306365999987065e+00,1.546152343749999991e+00,1.778969726562500131e-01,8.691279680951216946e+00,9.202458321293450538e+00,4.151769221228834539e+01
7.430889225999976588e+00,1.548381347656250018e+00,1.813085937499999967e-01,8.540032855757837993e+00,9.202458321293450538e+00,3.303217648288271135e+01
7.586999233000028653e+00,1.548439941406249964e+00,1.864667968750000071e-01,8.304105435158319892e+00,9.202458321293450538e+00,2.205906910361129292e+01
7.816776424000067891e+00,1.547922363281249991e+00,1.679921875000000009e-01,9.214252081104962855e+00,9.202458321293450538e+00,6.122816158422489963e+01
7.898561287999996239e+00,1.548703613281249947e+00,1.811025390625000120e-01,8.551528991798283741e+00,9.202458321293450538e+00,2.815469178714147347e+01
8.083045728999991297e+00,1.546245117187500018e+00,1.792172851562499891e-01,8.627767772731360196e+00,9.202458321293450538e+00,3.440236788936251600e+01
8.234500181000043995e+00,1.547641601562500080e+00,1.842475585937499993e-01,8.399794349378145952e+00,9.202458321293450538e+00,2.310851709002200138e+01
8.453052293000041573e+00,1.547675781249999938e+00,1.737480468750000062e-01,8.907586641036880692e+00,9.202458321293450538e+00,4.469009060703857728e+01
8.569518194000011135e+00,1.550300292968749938e+00,1.751254882812499913e-01,8.852510894810361464e+00,9.202458321293450538e+00,4.068129876548415069e+01
8.695541096000056314e+00,1.547648925781250018e+00,1.868442382812499913e-01,8.283096872656191323e+00,9.202458321293450538e+00,1.472319425087321498e+01
9.029288193000070351e+00,1.547612304687500107e+00,1.667524414062500071e-01,9.280897428764689039e+00,9.202458321293450538e+00,5.865137812748653801e+01
9.115677302999984022e+00,1.550090332031250018e+00,1.786552734375000118e-01,8.676432003410898375e+00,9.202458321293450538e+00,2.902486310923349322e+01
9.290752893999979278e+00,1.547170410156250009e+00,1.744819335937499993e-01,8.867224120513014896e+00,9.202458321293450538e+00,4.011314894874472259e+01
9.419503834000011011e+00,1.549418945312500018e+00,1.841401367187500138e-01,8.414346665111011703e+00,9.202458321293450538e+00,1.867979186192589225e+01
9.701784564000035971e+00,1.550212402343750018e+00,1.653671875000000124e-01,9.374365167477677119e+00,9.202458321293450538e+00,6.102488692154395977e+01
9.784371072999988428e+00,1.548935546874999902e+00,1.849077148437499873e-01,8.376803251199527622e+00,9.202458321293450538e+00,1.270048591041825325e+01
1.017300898700000289e+01,1.548298339843749982e+00,1.696318359375000029e-01,9.127404247479892874e+00,9.202458321293450538e+00,4.943806215926225178e+01
1.027705453999999463e+01,1.549602050781250018e+00,1.844409179687500067e-01,8.401617536103351824e+00,9.071094252279028325e+00,2.051097625746147912e+01
1.052437977700003557e+01,1.549274902343749982e+00,1.617329101562499927e-01,9.579218607066410485e+00,9.071094252279028325e+00,7.474032127202505649e+01
1.059311044700007187e+01,1.550637207031249964e+00,1.870566406249999925e-01,8.289666711912543562e+00,9.071094252279028325e+00,1.085820604688636593e+01
1.107169709900006183e+01,1.547167968749999956e+00,1.556030273437500056e-01,9.943045422452341242e+00,9.071094252279028325e+00,9.227622851675918980e+01
1.113081098999998630e+01,1.556242675781249973e+00,1.920786132812500047e-01,8.102113239970815783e+00,9.071094252279028325e+00,7.000000000000000000e+00
1.181546114399998260e+01,1.549501953125000053e+00,1.409785156249999949e-01,1.099105027638852405e+01,9.071094252279028325e+00,1.000000000000000000e+02
1.186691694400008146e+01,1.552453613281250089e+00,1.917529296874999900e-01,8.096114180947774130e+00,9.071094252279028325e+00,7.000000000000000000e+00
1.256042009500004042e+01,1.550261230468749973e+00,1.455317382812499893e-01,1.065239272737033183e+01,9.071094252279028325e+00,1.000000000000000000e+02
1.261201052500007336e+01,1.552934570312499929e+00,1.884145507812499953e-01,8.242115929334262958e+00,9.071094252279028325e+00,2.175904468380462120e+01
1.284301533699999709e+01,1.548615722656250027e+00,1.666499023437499893e-01,9.292629043741705175e+00,9.071094252279028325e+00,8.992601772570498042e+01
1.290043168600004719e+01,1.551687011718750009e+00,1.875297851562499896e-01,8.274349647582024403e+00,9.071094252279028325e+00,3.759577114261063713e+01
1.303175700200006304e+01,1.547944335937500027e+00,1.785908203125000093e-01,8.667547039813644716e+00,9.071094252279028325e+00,6.315856115644513125e+01
1.311197927400007757e+01,1.549167480468750080e+00,1.845864257812500075e-01,8.392640325050987116e+00,9.071094252279028325e+00,4.840758209613614582e+01
1.321699501000000510e+01,1.547214355468750080e+00,1.810849609375000113e-01,8.544135015180849280e+00,9.071094252279028325e+00,5.634866617265340238e+01
1.330813794200003031e+01,1.547780761718750009e+00,1.831479492187499947e-01,8.450986037905872550e+00,9.071094252279028325e+00,5.082523878657708138e+01
1.340972531500005971e+01,1.548696289062500009e+00,1.804516601562499989e-01,8.582333283725461115e+00,9.071094252279028325e+00,5.673964544410517163e+01
1.350291745300000912e+01,1.549594726562500080e+00,1.841723632812500011e-01,8.413828757771385725e+00,9.071094252279028325e+00,4.783652174039335847e+01
1.360948228900008417e+01,1.546237792968750080e+00,1.820307617187499893e-01,8.494376326116755749e+00,9.071094252279028325e+00,5.172598020040161515e+01
1.373330677400008426e+01,1.565793457031249947e+00,1.879208984375000113e-01,8.332194396952672832e+00,9.071094252279028325e+00,4.329093349772497845e+01
1.391199957200001336e+01,1.567216796874999929e+00,1.825361328125000016e-01,8.585789414552982279e+00,9.071094252279028325e+00,5.393038574028905430e+01
1.401038646799997878e+01,1.550463867187499956e+00,1.804135742187500113e-01,8.593942412046972734e+00,9.071094252279028325e+00,5.312071956423181973e+01
1.410537716900000760e+01,1.547099609375000018e+00,1.804594726562500084e-01,8.573113877607344335e+00,9.071094252279028325e+00,5.166328932541551922e+01
1.420332677400006105e+01,1.547055664062499947e+00,1.798964843749999987e-01,8.599699262813901512e+00,9.071094252279028325e+00,5.251040983142284091e+01
1.430213661300001604e+01,1.545715332031250000e+00,1.836718750000000122e-01,8.415634304551254274e+00,9.071094252279028325e+00,4.343300428927209111e+01
1.442199803699998029e+01,1.547766113281249911e+00,1.773896484374999916e-01,8.725233557394286521e+00,9.071094252279028325e+00,5.762478634078226492e+01
1.452461153299998387e+01,1.557912597656250009e+00,1.872954101562500084e-01,8.317943276648216866e+00,9.071094252279028325e+00,3.728502695795936006e+01
1.472196421400008148e+01,1.571115722656249991e+00,1.848510742187499944e-01,8.499359440005283872e+00,9.071094252279028325e+00,4.585696562587455105e+01
1.483787218500003746e+01,1.548161621093750107e+00,1.779609374999999993e-01,8.699446310197989973e+00,9.071094252279028325e+00,5.383390196009019490e+01
1.493088053100007073e+01,1.547438964843750098e+00,1.814296874999999920e-01,8.529138677173492056e+00,9.071094252279028325e+00,4.473833811242630532e+01
1.504445713100005833e+01,1.546828613281250098e+00,1.790166015624999885e-01,8.640699241188569246e+00,9.071094252279028325e+00,5.011861237554196435e+01
1.514672548300006838e+01,1.546635742187500107e+00,1.825688476562500051e-01,8.471520536184712569e+00,9.071094252279028325e+00,4.142005614385456624e+01
1.527048910200005594e+01,1.546264648437500000e+00,1.836923828124999991e-01,8.417685179770442616e+00,9.071094252279028325e+00,3.906764348061823000e+01
1.540057682200006184e+01,1.545976562499999929e+00,1.817504882812500111e-01,8.506038014641680078e+00,9.071094252279028325e+00,4.242375811575497124e+01
1.552443412500008435e+01,1.549462890625000089e+00,1.803862304687499918e-01,8.589696046081677139e+00,9.071094252279028325e+00,4.517190203292201289e+01
1.563571222500002023e+01,1.546381835937499893e+00,1.791806640624999947e-01,8.630294144897836972e+00,9.071094252279028325e+00,4.615006435131793694e+01
1.574552305800000340e+01,1.547023925781249920e+00,1.779257812499999980e-01,8.694771015829106275e+00,9.071094252279028325e+00,4.842693270397803218e+01
1.584965360099999998e+01,1.547033691406249911e+00,1.831040039062500069e-01,8.448934258140731401e+00,9.071094252279028325e+00,3.647155836075845770e+01
1.598667139899998801e+01,1.546184082031250018e+00,1.803901367187500104e-01,8.571333833190323048e+00,9.071094252279028325e+00,4.231012749806111373e+01
1.610692111900004875e+01,1.545903320312500107e+00,1.797324218749999925e-01,8.601137759038502750e+00,9.071094252279028325e+00,4.261438874178367087e+01
1.622684954600003948e+01,1.546479492187500027e+00,1.782915039062500095e-01,8.673882144158010732e+00,9.071094252279028325e+00,4.522715225807703376e+01
1.633956493300001966e+01,1.546633300781250053e+00,1.727958984375000118e-01,8.950636645699463045e+00,9.071094252279028325e+00,5.708588803231999265e+01
1.642944052699999702e+01,1.547077636718749982e+00,1.856425781250000129e-01,8.333635808898566921e+00,9.071094252279028325e+00,2.708362498109762839e+01
1.662539450200006286e+01,1.546511230468750053e+00,1.765766601562500093e-01,8.758299251442776878e+00,9.071094252279028325e+00,4.797231203721284487e+01
1.673174841800005197e+01,1.547326660156250089e+00,1.826713867187499951e-01,8.470547511300122068e+00,9.071094252279028325e+00,3.338697301046119748e+01
1.688540416900002583e+01,1.546623535156250062e+00,1.808071289062500031e-01,8.553996429854196393e+00,9.071094252279028325e+00,3.755515362223054154e+01
1.701787515199998779e+01,1.546511230468750053e+00,1.791054687499999964e-01,8.634639920612418251e+00,9.071094252279028325e+00,4.023567105603194705e+01
1.714451880800004346e+01,1.547148437499999973e+00,1.838398437500000093e-01,8.415740603021481192e+00,9.071094252279028325e+00,2.948108655445792436e+01
1.731554856299999301e+01,1.545668945312500098e+00,1.772031249999999891e-01,8.722582885107135198e+00,9.071094252279028325e+00,4.291999421477233057e+01
1.743422539000005145e+01,1.546835937500000036e+00,1.778002929687499956e-01,8.699850330234665918e+00,9.071094252279028325e+00,4.057731093032126779e+01
1.756310360400004811e+01,1.547670898437500053e+00,1.810078125000000038e-01,8.550298890759204795e+00,9.071094252279028325e+00,3.343961262662003264e+01
1.771537460900003680e+01,1.546560058593750009e+00,1.784052734375000115e-01,8.668802377837502959e+00,9.071094252279028325e+00,3.853656256628065080e+01
1.784555870300005154e+01,1.547109375000000009e+00,1.818564453125000036e-01,8.507311205503139462e+00,9.071094252279028325e+00,3.033350755315418468e+01
1.800943484399999761e+01,1.545935058593749911e+00,1.757241210937499909e-01,8.797511969167757684e+00,9.071094252279028325e+00,4.299877340322377250e+01
1.812671725600000627e+01,1.547136230468749929e+00,1.783881835937499993e-01,8.672862738442924879e+00,9.071094252279028325e+00,3.612891148353275383e+01
1.826445187100000567e+01,1.547143554687500089e+00,1.821401367187500120e-01,8.494248343935897338e+00,9.071094252279028325e+00,2.807291050075896521e+01
1.844922478600005888e+01,1.549606933593749902e+00,1.748295898437499940e-01,8.863527821455601696e+00,9.071094252279028325e+00,4.410822498468867536e+01
1.856713337999997293e+01,1.550788574218749938e+00,1.745649414062500071e-01,8.883734395497734582e+00,9.071094252279028325e+00,4.378201212071008541e+01
1.868192934800003968e+01,1.547102050781250071e+00,1.761367187500000042e-01,8.783529418287463031e+00,9.071094252279028325e+00,3.892156305551482376e+01
1.881039758600002187e+01,1.546987304687500009e+00,1.800629882812500027e-01,8.591367495640902519e+00,9.071094252279028325e+00,3.030735229706272804e+01
1.897444191300007788e+01,1.546762695312499991e+00,1.747280273437500087e-01,8.852401751606150171e+00,9.071094252279028325e+00,4.193324607169927276e+01
1.909695449299999837e+01,1.547575683593749973e+00,1.823247070312500051e-01,8.488019582165017951e+00,9.071094252279028325e+00,2.436081386015230521e+01
1.930674533800004156e+01,1.546958007812500036e+00,1.815571289062500038e-01,8.520502704200049848e+00,9.071094252279028325e+00,2.607002279621660890e+01
1.952663490500003718e+01,1.551171875000000089e+00,1.791904296875000135e-01,8.656555362388345998e+00,9.071094252279028325e+00,3.083251294203433091e+01
1.969183881900005417e+01,1.548344726562500107e+00,1.758535156250000120e-01,8.804741384097649615e+00,9.071094252279028325e+00,3.645908556421701263e+01
1.983039539200001400e+01,1.547946777343750080e+00,1.790092773437499951e-01,8.647299180875641866e+00,9.071094252279028325e+00,2.855754696075800325e+01
2.001049688199998400e+01,1.546098632812499929e+00,1.736723632812499918e-01,8.902387251497831500e+00,9.071094252279028325e+00,3.973358024925968124e+01
2.013701041600006647e+01,1.548217773437500000e+00,1.828876953124999871e-01,8.465401517538191811e+00,8.928481599496702614e+00,2.493759356798231863e+01
2.034556666200001018e+01,1.546735839843750071e+00,1.806025390625000115e-01,8.564308386099050097e+00,8.928481599496702614e+00,3.009838972569891169e+01
2.051436392300001899e+01,1.549194335937500000e+00,1.728911132812500084e-01,8.960520332918173736e+00,8.928481599496702614e+00,4.693739967893775855e+01
2.062286514499999157e+01,1.549365234374999956e+00,1.800517578124999907e-01,8.605110292721819931e+00,8.928481599496702614e+00,2.955838255585852892e+01
2.079045682100002068e+01,1.548784179687499929e+00,1.750581054687500027e-01,8.847257746451372640e+00,8.928481599496702614e+00,4.146893435693669261e+01
2.091542799600006219e+01,1.550139160156249973e+00,1.795156250000000120e-01,8.635121094089997840e+00,8.928481599496702614e+00,3.104567240236807280e+01
2.107797339600006126e+01,1.547963867187500009e+00,1.763510742187499869e-01,8.777739937480445676e+00,8.928481599496702614e+00,3.779282376569188528e+01
2.120933926700001848e+01,1.547209472656249973e+00,1.817490234374999902e-01,8.512890156949348253e+00,8.928481599496702614e+00,2.520619389980186753e+01
2.141682048699999541e+01,1.547912597656250000e+00,1.828916015625000058e-01,8.463552095514227602e+00,8.928481599496702614e+00,2.315711127480550147e+01
2.164053116299999147e+01,1.547612304687500107e+00,1.761235351562500107e-01,8.787084039134906988e+00,8.928481599496702614e+00,3.662408797850517317e+01
2.177572326500001054e+01,1.547800292968749991e+00,1.799399414062499980e-01,8.601760570068680778e+00,8.928481599496702614e+00,2.736093371467923419e+01
2.196807848499997817e+01,1.546823730468749991e+00,1.766791992187499993e-01,8.754984951870859788e+00,8.928481599496702614e+00,3.423987701933960892e+01
2.211431104500002220e+01,1.547805175781250098e+00,1.742548828125000115e-01,8.882420686292640255e+00,8.928481599496702614e+00,3.930737362080772357e+01
2.224284827100007078e+01,1.547885742187500080e+00,1.846171875000000018e-01,8.384299225593499827e+00,8.928481599496702614e+00,1.630963154547357874e+01
2.256423497700006919e+01,1.549257812500000053e+00,1.772851562499999922e-01,8.738790349234328403e+00,8.928481599496702614e+00,3.236882379991651248e+01
2.272169860300004984e+01,1.548156738281250000e+00,1.824897460937499882e-01,8.483527274381319927e+00,8.928481599496702614e+00,2.009561581099547567e+01
2.295793761599998106e+01,1.547404785156250018e+00,1.658603515625000080e-01,9.329564121737389470e+00,8.928481599496702614e+00,5.748581947094664457e+01
2.304661433800004033e+01,1.549685058593750053e+00,1.834252929687499867e-01,8.448589796488800374e+00,8.928481599496702614e+00,1.506337583879322040e+01
2.337419494800008124e+01,1.548549804687499920e+00,1.707436523437499964e-01,9.069442895422424655e+00,8.928481599496702614e+00,4.627420609860841694e+01
2.348569963400007055e+01,1.548801269531250080e+00,1.734799804687499891e-01,8.927838620608129716e+00,8.928481599496702614e+00,3.902677049581657798e+01
2.361555594599997221e+01,1.549169921874999911e+00,1.792036132812500071e-01,8.644747131541732799e+00,8.928481599496702614e+00,2.687951880187111087e+01
2.381046044900006109e+01,1.547531738281249902e+00,1.749921875000000071e-01,8.843433300593774860e+00,8.928481599496702614e+00,3.626098275261828263e+01
2.394801044500002263e+01,1.548015136718750018e+00,1.734121093750000120e-01,8.926799531462938475e+00,8.928481599496702614e+00,3.938665488888651822e+01
2.407533612800000355e+01,1.547546386718750000e+00,1.804760742187500044e-01,8.574800806244335050e+00,8.928481599496702614e+00,2.317104361038936844e+01
2.429158144200005154e+01,1.547783203125000062e+00,1.744736328125000013e-01,8.871158227033319577e+00,8.928481599496702614e+00,3.696890564197578044e+01
2.443035008000003927e+01,1.550334472656250018e+00,1.785864257812500022e-01,8.681143966424695435e+00,8.928481599496702614e+00,2.765527841134715104e+01
2.463418181700001242e+01,1.551159667968750044e+00,1.788862304687499905e-01,8.671207749775494023e+00,8.928481599496702614e+00,2.739364779542950856e+01
2.483051661000001786e+01,1.548103027343749938e+00,1.746806640624999907e-01,8.862475052131959075e+00,8.928481599496702614e+00,3.542623010732803834e+01
2.497406252700000096e+01,1.547287597656249902e+00,1.777714843750000107e-01,8.703800854766585715e+00,8.928481599496702614e+00,2.771693620207841491e+01
2.516660697899999377e+01,1.547573242187499920e+00,1.754326171875000007e-01,8.821468134021364094e+00,8.928481599496702614e+00,3.307583864460785605e+01
2.531909505600003740e+01,1.548010253906249911e+00,1.773261718749999938e-01,8.729733674042581271e+00,8.928481599496702614e+00,2.849704608284084983e+01
2.550532940599998710e+01,1.548859863281250027e+00,1.746962890625000098e-01,8.866014679493988027e+00,8.928481599496702614e+00,3.449847041907382561e+01
2.565436091499998383e+01,1.548007812500000080e+00,1.725966796875000042e-01,8.968931588387397014e+00,8.928481599496702614e+00,3.865506162365346654e+01
2.578413675000001604e+01,1.548386230468749902e+00,1.785537109374999987e-01,8.671823298092856902e+00,8.928481599496702614e+00,2.494754030707719394e+01
2.599416961200006426e+01,1.547392578124999973e+00,1.822758789062499940e-01,8.489288804476815997e+00,8.928481599496702614e+00,1.743385342505869318e+01
2.628049377500008177e+01,1.548955078125000107e+00,1.699350585937499936e-01,9.114982458257550491e+00,8.928481599496702614e+00,4.452277478481678230e+01
2.639563377299998592e+01,1.549409179687500027e+00,1.745556640625000044e-01,8.876304232286218010e+00,8.928481599496702614e+00,3.278647090454008151e+01
2.655433914100001402e+01,1.549016113281250107e+00,1.806704101562499887e-01,8.573712274974123915e+00,8.928481599496702614e+00,2.020290811241452644e+01
2.679292191000001822e+01,1.547573242187499920e+00,1.630507812499999987e-01,9.491357418365636178e+00,8.928481599496702614e+00,6.112804485726631043e+01
2.687808866299997135e+01,1.549545898437499902e+00,1.803305664062500036e-01,8.592807804677281780e+00,8.928481599496702614e+00,1.770206852196013259e+01
2.715173758700007056e+01,1.548417968749999929e+00,1.639443359374999909e-01,9.444778679882533723e+00,8.928481599496702614e+00,6.002540840918248932e+01
2.723540792599999349e+01,1.550776367187499893e+00,1.802436523437500049e-01,8.603777980652273172e+00,8.928481599496702614e+00,1.953124743074609526e+01
2.749669483000002401e+01,1.548774414062499938e+00,1.629052734374999978e-01,9.507208584359919001e+00,8.928481599496702614e+00,6.393515367957441242e+01
2.757664226999997936e+01,1.550585937499999956e+00,1.852622070312499869e-01,8.369682960963794827e+00,8.928481599496702614e+00,9.144270139300608946e+00
2.815151794400003382e+01,1.548278808593750000e+00,1.745122070312500051e-01,8.872037291445742824e+00,8.928481599496702614e+00,3.646519793535466647e+01
2.828788995800005068e+01,1.548906249999999929e+00,1.749541015624999918e-01,8.853214849876920312e+00,8.928481599496702614e+00,3.510372448404559975e+01
2.843407238400004644e+01,1.548640136718749893e+00,1.788393554687499887e-01,8.659392294607972218e+00,8.928481599496702614e+00,2.636352922111764130e+01
2.863926695700001801e+01,1.549499511718750000e+00,1.785976562499999865e-01,8.675922989435926880e+00,8.928481599496702614e+00,2.720972336832265270e+01
2.884056202099998245e+01,1.549272460937499929e+00,1.800400390624999902e-01,8.605155103302760011e+00,8.928481599496702614e+00,2.351211569151460168e+01
2.905531295100001898e+01,1.548784179687499929e+00,1.790131835937500138e-01,8.651788368851585531e+00,8.928481599496702614e+00,2.506762010337280344e+01
2.926151668700003938e+01,1.548937988281249956e+00,1.797670898437500053e-01,8.616360144827154954e+00,8.928481599496702614e+00,2.281234329418306572e+01
2.950156456700005947e+01,1.552795410156250000e+00,1.811650390625000051e-01,8.571164824028503659e+00,8.928481599496702614e+00,2.013845614096511127e+01
2.973536445500008085e+01,1.548942871093750062e+00,1.702065429687500131e-01,9.100372077812171057e+00,8.928481599496702614e+00,4.293465786893222713e+01
2.985298607000004267e+01,1.549626464843750107e+00,1.750307617187500109e-01,8.853452099658820629e+00,8.928481599496702614e+00,3.078792849116157981e+01
3.001538825000000088e+01,1.548405761718750107e+00,1.760952148437499865e-01,8.793003052880550285e+00,8.928481599496702614e+00,2.901353064094530154e+01
3.019167131500000778e+01,1.548212890624999893e+00,1.740556640625000040e-01,8.894929670711931635e+00,8.771114874837262931e+00,4.007873581314129297e+01
3.031799720200001502e+01,1.548356933593749929e+00,1.820898437500000078e-01,8.503258071436231802e+00,8.771114874837262931e+00,2.223416275488697380e+01
3.055051719499999763e+01,1.548410644531249991e+00,1.648833007812499918e-01,9.390948854096025755e+00,8.771114874837262931e+00,6.264211341263300170e+01
3.063151961200003370e+01,1.549912109374999902e+00,1.849892578125000020e-01,8.378389792481614862e+00,8.771114874837262931e+00,1.366233264882182397e+01
3.097915503600006559e+01,1.547302246093750000e+00,1.608081054687499900e-01,9.622041386430231213e+00,8.771114874837262931e+00,7.440575808144471637e+01
3.104789826400008224e+01,1.550109863281250000e+00,1.865747070312500089e-01,8.308252967116368737e+00,8.771114874837262931e+00,1.019123821904793026e+01
3.157150272600006247e+01,1.550131835937500036e+00,1.629389648437500060e-01,9.513573609750103799e+00,8.771114874837262931e+00,7.299868894071737202e+01
3.164154835199997251e+01,1.551950683593749991e+00,1.851635742187499878e-01,8.381511807286104343e+00,8.771114874837262931e+00,1.821615890601152188e+01
3.191046055000003889e+01,1.548994140625000071e+00,1.629233398437499869e-01,9.507502989507504054e+00,8.771114874837262931e+00,7.540567984717496586e+01
3.197781528899997738e+01,1.551401367187499991e+00,1.829619140625000084e-01,8.479367824374309137e+00,8.771114874837262931e+00,2.436065526510439128e+01
3.218535765199999332e+01,1.545761718749999902e+00,1.809550781250000018e-01,8.542240067350968857e+00,8.771114874837262931e+00,3.418111432164035790e+01
3.233165499200003978e+01,1.548537597656250098e+00,1.740952148437500124e-01,8.894774041010020227e+00,8.771114874837262931e+00,4.951693252108881893e+01
3.244794052899999315e+01,1.555854492187499938e+00,1.833842773437500129e-01,8.484121510979282021e+00,8.771114874837262931e+00,2.978641119747891963e+01
3.262278410900000836e+01,1.548020019531249902e+00,1.760947265624999980e-01,8.790836896423599001e+00,8.771114874837262931e+00,4.473226034686744867e+01
3.273442649399999027e+01,1.548181152343750089e+00,1.747402343749999976e-01,8.859900857299340515e+00,8.771114874837262931e+00,4.702611839751739353e+01
3.284296121500005938e+01,1.548320312500000018e+00,1.781787109375000122e-01,8.689704310651940489e+00,8.771114874837262931e+00,3.903695192395260705e+01
3.297276858100008212e+01,1.547790527343750000e+00,1.813100585937499898e-01,8.536705240451036403e+00,8.771114874837262931e+00,3.280680960381457822e+01
3.313283617600006892e+01,1.548044433593749991e+00,1.784443359375000038e-01,8.675223147099224263e+00,8.771114874837262931e+00,3.921635000333741061e+01
3.326063883599999826e+01,1.547727050781249947e+00,1.817504882812500111e-01,8.515669286050103537e+00,8.771114874837262931e+00,3.145082434482494804e+01
3.342174803500006419e+01,1.547441406249999929e+00,1.821918945312500093e-01,8.493470086752838100e+00,8.771114874837262931e+00,3.067087577524785047e+01
3.358777803200007384e+01,1.548376464843749911e+00,1.778896484374999920e-01,8.704140338934667653e+00,8.771114874837262931e+00,3.968980788752907074e+01
3.371537637799997356e+01,1.547658691406250009e+00,1.814477539062500089e-01,8.529500410381992026e+00,8.771114874837262931e+00,3.107714603437402801e+01
3.387536954799998057e+01,1.547744140625000098e+00,1.806015625000000069e-01,8.569937708180127345e+00,8.771114874837262931e+00,3.318349485006883981e+01
3.402934237199997369e+01,1.547583007812499911e+00,1.801074218750000067e-01,8.592555441088759238e+00,8.771114874837262931e+00,3.376029625412905233e+01
3.418153336000000309e+01,1.546525878906249929e+00,1.785576171874999896e-01,8.661214812708170285e+00,8.771114874837262931e+00,3.649155123023061265e+01
3.431928574599999138e+01,1.548017578125000071e+00,1.819746093750000127e-01,8.506777860063753138e+00,8.771114874837262931e+00,2.916378853575765007e+01
3.450904098400008024e+01,1.553020019531250018e+00,1.747060546875000009e-01,8.889331410460650673e+00,8.771114874837262931e+00,4.625886218597724309e+01
3.461778072599997813e+01,1.548496093750000080e+00,1.786123046875000009e-01,8.669593600839808900e+00,8.771114874837262931e+00,3.534053177810351087e+01
3.475927997400003733e+01,1.546721191406249973e+00,1.771806640624999929e-01,8.729627465786268914e+00,8.771114874837262931e+00,3.890576147232834359e+01
3.488772492700002203e+01,1.547668457031250000e+00,1.804541015624999967e-01,8.576521362664719206e+00,8.771114874837262931e+00,3.172343693727241387e+01
3.504679643999998007e+01,1.547539062500000062e+00,1.818168945312499951e-01,8.511525106012713948e+00,8.771114874837262931e+00,2.910232941532148843e+01
3.521682006100002127e+01,1.546662597656250027e+00,1.703339843749999971e-01,9.080176239235877134e+00,8.771114874837262931e+00,5.425057078197410476e+01
3.530950190099997599e+01,1.548745117187499964e+00,1.844057617187500053e-01,8.398572272105024439e+00,8.771114874837262931e+00,2.129216921283416752e+01
3.554282581200004643e+01,1.548769531250000053e+00,1.742363281250000062e-01,8.888901344034794150e+00,8.771114874837262931e+00,4.590730906002335843e+01
3.565159270300000571e+01,1.549121093749999956e+00,1.750659179687500122e-01,8.848787426611069762e+00,8.771114874837262931e+00,4.315201132701292863e+01
3.576689634399997431e+01,1.546850585937499911e+00,1.763471679687499960e-01,8.771621363443800945e+00,8.771114874837262931e+00,3.991572939112395346e+01
3.589303207500006465e+01,1.547397460937500080e+00,1.841972656249999951e-01,8.400762387470972925e+00,8.771114874837262931e+00,2.347875545815432119e+01
3.610794900700000198e+01,1.546899414062500089e+00,1.754765624999999885e-01,8.815418948399448951e+00,8.771114874837262931e+00,4.259501453689085793e+01
3.622524369100005970e+01,1.548090820312499893e+00,1.791728515625000129e-01,8.640208641053451544e+00,8.771114874837262931e+00,3.372149599997949565e+01
3.637526734599998690e+01,1.547697753906249973e+00,1.800019531250000027e-01,8.598227558294723849e+00,8.771114874837262931e+00,3.238985503180625614e+01
3.653396314300005088e+01,1.548388671874999956e+00,1.830668945312499962e-01,8.458048495549729040e+00,8.771114874837262931e+00,2.598412164998363494e+01
3.673781045200007611e+01,1.546933593749999947e+00,1.836840820312500011e-01,8.421707404601459501e+00,8.771114874837262931e+00,2.417065511668159772e+01
3.694919257700007620e+01,1.548168945312500044e+00,1.802031249999999918e-01,8.591243605306512876e+00,8.771114874837262931e+00,3.106214509722994777e+01
3.711027024700001675e+01,1.548291015625000044e+00,1.828808593750000100e-01,8.466118438618037700e+00,8.771114874837262931e+00,2.477638071132669140e+01
3.731670026300002974e+01,1.548186035156249973e+00,1.801386718749999893e-01,8.594412399301752714e+00,8.771114874837262931e+00,3.024251163355923566e+01
3.748157733300001837e+01,1.547888183593749911e+00,1.752250976562499951e-01,8.833712774584030925e+00,8.771114874837262931e+00,4.032976383258601771e+01
3.761189996300004168e+01,1.549313964843749947e+00,1.809389648437499942e-01,8.562633074537933098e+00,8.771114874837262931e+00,2.744802555400404032e+01
3.780661093200001233e+01,1.547695312499999920e+00,1.773291015625000078e-01,8.727813420712061898e+00,8.771114874837262931e+00,3.544129521167172925e+01
3.794781113300007291e+01,1.547807617187499929e+00,1.774741210937499925e-01,8.721314452206115675e+00,8.771114874837262931e+00,3.466380463713274906e+01
3.809181025999998838e+01,1.547561035156250098e+00,1.741840820312499927e-01,8.884629508674652953e+00,8.771114874837262931e+00,4.194994911154367401e+01
3.821290410500000689e+01,1.548278808593750000e+00,1.804394531250000100e-01,8.580600205661092161e+00,8.771114874837262931e+00,2.773571134386236992e+01
3.840786079700001210e+01,1.547609863281250053e+00,1.798681640625000022e-01,8.604134430056737060e+00,8.771114874837262931e+00,2.966718900406735671e+01
3.858022094600005403e+01,1.548754882812499956e+00,1.740693359375000138e-01,8.897344695843408147e+00,8.771114874837262931e+00,4.240338415686086648e+01
3.869656125100004829e+01,1.548200683593750071e+00,1.769687500000000080e-01,8.748441086879745754e+00,8.771114874837262931e+00,3.493033760019876865e+01
3.884055184099997859e+01,1.547448730468750089e+00,1.723247070312499962e-01,8.979842514330403702e+00,8.771114874837262931e+00,4.593041997630194118e+01
3.895269638000002033e+01,1.549299316406250071e+00,1.806567382812500067e-01,8.575928753868399923e+00,8.771114874837262931e+00,2.695064260559843916e+01
3.915154599100003452e+01,1.547624511718749929e+00,1.802001953125000056e-01,8.588362010567673011e+00,8.771114874837262931e+00,2.891664463064944357e+01
3.933268472800000382e+01,1.547160644531250018e+00,1.772709960937499940e-01,8.727658097622647659e+00,8.771114874837262931e+00,3.476301217512888542e+01
3.948922715700007302e+01,1.553801269531249973e+00,1.793212890625000000e-01,8.664901293396868098e+00,8.771114874837262931e+00,3.150152495993895840e+01
3.965166671100007534e+01,1.548654785156249991e+00,1.823789062500000002e-01,8.491413930476129579e+00,8.771114874837262931e+00,2.377408743285777604e+01
3.986774673800005075e+01,1.548098144531250053e+00,1.754433593749999964e-01,8.823919868191078208e+00,8.771114874837262931e+00,3.849191467279204915e+01
3.999539268700004868e+01,1.548215332031249947e+00,1.787993164062499918e-01,8.658955543843072533e+00,8.771114874837262931e+00,3.033457633460197300e+01
4.015914408600008301e+01,1.547778320312499956e+00,1.754277343750000051e-01,8.822882686291318777e+00,8.593170566180711845e+00,4.553230647651234619e+01
4.027074255700006233e+01,1.548620605468749911e+00,1.814428710937500133e-01,8.535031418614350329e+00,8.593170566180711845e+00,3.216314159599176747e+01
4.042802959400000873e+01,1.547707519531249964e+00,1.857509765625000031e-01,8.332163567444231589e+00,8.593170566180711845e+00,2.428271222918592542e+01
4.065646172200001729e+01,1.550949707031249902e+00,1.813862304687499927e-01,8.550537177067882411e+00,8.593170566180711845e+00,3.404312287305672413e+01
4.080928693900000326e+01,1.548244628906249920e+00,1.801523437499999991e-01,8.594085409484160110e+00,8.593170566180711845e+00,3.545095285859163425e+01
4.095289520300002550e+01,1.548349609374999991e+00,1.776206054687499980e-01,8.717173355472047191e+00,8.593170566180711845e+00,4.083862925509948383e+01
4.107809915300003922e+01,1.548432617187500027e+00,1.839140625000000029e-01,8.419326918992396713e+00,8.593170566180711845e+00,2.708913253585379977e+01
4.127534083600005488e+01,1.547238769531249947e+00,1.804565429687499944e-01,8.574024217006019910e+00,8.593170566180711845e+00,3.482081845804134446e+01
4.142288753700006509e+01,1.548930664062500018e+00,1.792802734374999984e-01,8.639716095716924116e+00,8.593170566180711845e+00,3.734763338991140813e+01
4.155784504899997955e+01,1.549838867187500080e+00,1.818041992187499900e-01,8.524769360924974393e+00,8.593170566180711845e+00,3.200899129340648841e+01
4.171645435699997506e+01,1.546887207031250044e+00,1.823388671875000033e-01,8.483584607556972301e+00,8.593170566180711845e+00,3.048379493097106874e+01
4.188175202500008254e+01,1.548457031249999893e+00,1.796372070312499958e-01,8.619912638591779697e+00,8.593170566180711845e+00,3.652333288884354801e+01
4.201653668599999492e+01,1.546394042968749938e+00,1.820317382812499940e-01,8.495189122346774369e+00,8.593170566180711845e+00,3.052727665716704664e+01
4.218041323600004944e+01,1.546669921874999964e+00,1.723652343750000093e-01,8.973212768127272199e+00,8.593170566180711845e+00,5.219218033728454742e+01
4.227803147500003433e+01,1.548747558593750018e+00,1.846948242187499978e-01,8.385441038452896123e+00,8.593170566180711845e+00,2.400946347352714483e+01
4.249663219700005357e+01,1.548803710937499911e+00,1.828212890625000031e-01,8.471681382839499008e+00,8.593170566180711845e+00,3.040132894992731138e+01
4.266291976700006217e+01,1.547773437500000071e+00,1.792841796874999893e-01,8.633073147880841347e+00,8.593170566180711845e+00,3.721138744889075411e+01
4.279927302999999483e+01,1.548598632812500098e+00,1.795263671875000078e-01,8.626023336143825659e+00,8.593170566180711845e+00,3.646305325119018192e+01
4.293641541700003472e+01,1.548049316406250098e+00,1.777353515625000047e-01,8.709855989802253617e+00,8.593170566180711845e+00,4.030787856070649866e+01
4.306313678499998332e+01,1.548708496093750053e+00,1.847631835937499911e-01,8.382127142271965425e+00,8.593170566180711845e+00,2.533281564552239473e+01
4.326897928400001092e+01,1.547922363281249991e+00,1.812758789062499931e-01,8.539042108750637183e+00,8.593170566180711845e+00,3.317198394147708029e+01
4.342521700100007820e+01,1.548659667968750098e+00,1.822573242187499887e-01,8.497105258222754642e+00,8.593170566180711845e+00,3.082899349310244830e+01
4.359277391700004500e+01,1.550249023437499929e+00,1.777265624999999905e-01,8.722663633566311248e+00,8.593170566180711845e+00,4.087559453772996676e+01
4.371687239699997463e+01,1.550156249999999902e+00,1.816518554687500120e-01,8.533665929257061578e+00,8.593170566180711845e+00,3.180726242557755867e+01
4.387674320000007810e+01,1.549218750000000089e+00,1.824121093749999922e-01,8.492960008565770380e+00,8.593170566180711845e+00,3.065300667575045424e+01
4.403910404200007633e+01,1.548820800781250062e+00,1.753930664062499922e-01,8.830570287161927823e+00,8.593170566180711845e+00,4.570986155927398897e+01
4.415046320600004037e+01,1.548554687500000027e+00,1.781284179687500080e-01,8.693473535321416534e+00,8.593170566180711845e+00,3.868249751521002366e+01
4.428040923900005055e+01,1.548115234374999982e+00,1.784213867187499913e-01,8.676735804185470968e+00,8.593170566180711845e+00,3.867268340691884987e+01
4.441149333900000329e+01,1.548190917968750080e+00,1.801210937499999887e-01,8.595278241634318306e+00,8.593170566180711845e+00,3.517092581337698221e+01
4.456916128900002150e+01,1.552792968749999947e+00,1.753979492187499878e-01,8.852971061898863070e+00,8.593170566180711845e+00,4.701617881168156288e+01
4.467652264700006981e+01,1.548610839843749920e+00,1.819350585937500042e-01,8.511887988019418927e+00,8.593170566180711845e+00,3.087968079196360094e+01
4.483924585800002660e+01,1.547436523437500044e+00,1.796499023437500009e-01,8.613622959151779668e+00,8.593170566180711845e+00,3.688347712464703676e+01
4.497185124300006009e+01,1.547924804687500044e+00,1.786713867187499916e-01,8.663529360322913320e+00,8.593170566180711845e+00,3.884861498077387409e+01
4.509933153600002242e+01,1.548146972656250009e+00,1.800727539062499938e-01,8.597341569298434294e+00,8.593170566180711845e+00,3.575864107541344339e+01
4.523910237200004758e+01,1.547836914062499902e+00,1.768662109374999902e-01,8.751456289236987374e+00,8.593170566180711845e+00,4.295537539893365420e+01
4.535642979199997171e+01,1.546804199218750009e+00,1.741679687500000129e-01,8.881106039877094460e+00,8.593170566180711845e+00,4.848040977033802079e+01
4.546182527700000264e+01,1.547590332031250071e+00,1.829062499999999925e-01,8.461112356910986065e+00,8.593170566180711845e+00,2.899643299678631081e+01
4.564787967799998114e+01,1.548525390625000053e+00,1.762919921874999962e-01,8.783866875688971732e+00,8.593170566180711845e+00,4.512127948978409364e+01
4.576039640900000904e+01,1.549020996093749991e+00,1.754467773437499989e-01,8.829007973505142104e+00,8.593170566180711845e+00,4.652554140779368197e+01
4.586818758100002924e+01,1.548088378906250062e+00,1.786708984375000031e-01,8.664468542132389928e+00,8.593170566180711845e+00,3.905695281803050278e+01
4.599660755299998982e+01,1.547412109374999956e+00,1.826279296874999958e-01,8.473030998176577455e+00,8.593170566180711845e+00,3.126308351060794166e+01
4.615659619400003066e+01,1.547338867187499911e+00,1.780341796874999882e-01,8.691246084900743796e+00,8.593170566180711845e+00,4.157591948817645999e+01
4.627639083899998695e+01,1.546728515624999911e+00,1.768789062499999953e-01,8.744561736710760869e+00,8.593170566180711845e+00,4.343047505011305276e+01
4.639172027400002207e+01,1.548017578125000071e+00,1.751611328125000089e-01,8.837677361804141540e+00,8.593170566180711845e+00,4.761823818156891264e+01
4.650274664599999142e+01,1.549165039062500027e+00,1.819555664062499911e-01,8.513974426062338452e+00,8.593170566180711845e+00,3.272080149217901379e+01
4.665661260800004584e+01,1.547265625000000089e+00,1.813681640625000036e-01,8.531076184168727039e+00,8.593170566180711845e+00,3.482260302049817113e+01
4.680276558700006717e+01,1.547565917968749982e+00,1.764760742187500009e-01,8.769267589500390869e+00,8.593170566180711845e+00,4.536692841553389144e+01
4.691276596700004120e+01,1.547902832031250009e+00,1.746176757812500091e-01,8.864525456004608728e+00,8.593170566180711845e+00,4.909385079488455261e+01
4.701778434400000606e+01,1.548222656250000107e+00,1.852421874999999885e-01,8.357829699295686865e+00,8.593170566180711845e+00,2.573359454321296624e+01
4.722278769299998658e+01,1.547634277343749920e+00,1.789365234374999947e-01,8.649068661962221682e+00,8.593170566180711845e+00,4.062034741966262175e+01
4.734773156200003541e+01,1.548659667968750098e+00,1.823232421875000120e-01,8.494033176396230900e+00,8.593170566180711845e+00,3.296428353367369368e+01
4.750649797300002319e+01,1.548452148437500009e+00,1.798984375000000080e-01,8.607368523906718139e+00,8.593170566180711845e+00,3.849759572274643915e+01
4.763674371299998711e+01,1.546115722656250080e+00,1.820795898437500004e-01,8.491427973794513306e+00,8.593170566180711845e+00,3.292545744483859949e+01
4.779392671000005066e+01,1.547751464843750036e+00,1.802319335937500044e-01,8.587554014331576724e+00,8.593170566180711845e+00,3.751254270126170809e+01
4.792668254300008357e+01,1.548417968749999929e+00,1.787553710937500040e-01,8.662217863864448475e+00,8.593170566180711845e+00,4.056619865407863301e+01
4.805279047900000933e+01,1.547739257812499991e+00,1.836630859374999980e-01,8.427056803015881670e+00,8.593170566180711845e+00,2.973666672823905799e+01
4.822417150800004038e+01,1.547668457031250000e+00,1.709770507812500007e-01,9.051907551097922777e+00,8.593170566180711845e+00,5.827223072859040087e+01
4.831015894699999080e+01,1.548959960937499991e+00,1.805107421874999896e-01,8.580984943979485635e+00,8.593170566180711845e+00,3.486345920670865439e+01
4.845527238099998613e+01,1.546770019531249929e+00,1.794096679687499918e-01,8.621441848945789133e+00,8.593170566180711845e+00,3.940062438141166723e+01
4.858653378200006046e+01,1.549013671875000053e+00,1.802075195312499989e-01,8.595721620852696532e+00,8.593170566180711845e+00,3.813779551994161210e+01
4.871647811800005456e+01,1.547470703124999902e+00,1.763300781250000115e-01,8.775988303186716522e+00,8.593170566180711845e+00,4.637763476349961422e+01
4.882688529400002153e+01,1.548293457031250098e+00,1.802934570312499929e-01,8.587629759425416509e+00,8.593170566180711845e+00,3.729054427133580418e+01
4.896179011399999581e+01,1.547346191406250071e+00,1.810781250000000064e-01,8.545185628613340967e+00,8.593170566180711845e+00,3.622371478607951190e+01
4.909886747600000945e+01,1.547487792968750053e+00,1.775493164062499907e-01,8.715819493373595961e+00,8.593170566180711845e+00,4.399690359879532053e+01
4.921064529199998105e+01,1.548015136718750018e+00,1.758994140625000091e-01,8.800570172273083358e+00,8.593170566180711845e+00,4.737547043624962839e+01
4.931669307300001037e+01,1.547812500000000036e+00,1.823320312499999984e-01,8.488977440709557953e+00,8.593170566180711845e+00,3.295304952558755218e+01
4.947915018499998041e+01,1.551157226562499991e+00,1.798281250000000053e-01,8.625776566165608727e+00,8.593170566180711845e+00,4.036582054013469190e+01
4.961291760699998576e+01,1.549372558593749893e+00,1.851240234375000071e-01,8.369375998987164778e+00,8.593170566180711845e+00,2.842854397745859529e+01
4.979772739700001694e+01,1.547302246093750000e+00,1.726494140625000062e-01,8.962105400100682573e+00,8.593170566180711845e+00,5.538899533894842619e+01
4.988901587400005155e+01,1.548999023437499956e+00,1.831025390625000138e-01,8.459735355765690912e+00,8.593170566180711845e+00,3.081727920398199672e+01
5.005294149400003789e+01,1.547556152343749991e+00,1.756513671874999905e-01,8.810384895506125247e+00,8.593170566180711845e+00,4.902032866462443650e+01
5.015816922700003033e+01,1.548085937500000009e+00,1.845664062500000091e-01,8.387690744777666296e+00,8.383542576607641905e+00,3.742402677180901804e+01
5.029172100400001000e+01,1.546948242187500044e+00,1.775527343749999931e-01,8.712612890096472995e+00,8.383542576607641905e+00,5.408530621154979912e+01
5.038449887900003432e+01,1.548479003906249929e+00,1.779731445312499882e-01,8.700632940911797064e+00,8.383542576607641905e+00,5.261929310689097861e+01
5.048148352099997282e+01,1.548083496093749956e+00,1.811489257812499976e-01,8.545915960678502898e+00,8.383542576607641905e+00,4.586118771381800485e+01
5.059892515100000310e+01,1.551416015625000089e+00,1.779672851562499880e-01,8.717422498539002973e+00,8.383542576607641905e+00,5.463805736659769252e+01
5.069142295400001785e+01,1.553684082031250080e+00,1.845708007812499885e-01,8.417821645974482792e+00,8.383542576607641905e+00,4.033210029857440304e+01
5.081678152900008172e+01,1.553051757812500044e+00,1.824042968750000104e-01,8.514337570001391242e+00,8.383542576607641905e+00,4.636118661377715000e+01
5.092521899899998061e+01,1.553090820312500009e+00,1.780981445312500022e-01,8.720421116122222926e+00,8.383542576607641905e+00,5.553513466778519359e+01
5.101573435199998130e+01,1.553552246093750089e+00,1.837724609374999929e-01,8.453672754712169279e+00,8.383542576607641905e+00,4.250525795119710892e+01
5.113635909100003119e+01,1.551945800781250107e+00,1.775947265624999993e-01,8.738693039036165899e+00,8.383542576607641905e+00,5.698918637916724350e+01
5.122543054800007667e+01,1.553220214843749947e+00,1.855571289062500073e-01,8.370576889171912782e+00,8.383542576607641905e+00,3.900549765419379611e+01
5.135409721300004549e+01,1.551874999999999893e+00,1.821835937500000113e-01,8.518192928664850783e+00,8.383542576607641905e+00,4.772295712982865723e+01
5.146061641900007544e+01,1.553051757812500044e+00,1.836962890624999900e-01,8.454453629621754729e+00,8.383542576607641905e+00,4.437599645989079988e+01
5.157777901500003281e+01,1.554008789062500062e+00,1.799584960937500033e-01,8.635373282142420948e+00,8.383542576607641905e+00,5.297909922021722906e+01
5.167293343100004677e+01,1.552102050781249964e+00,1.845893554687499938e-01,8.408404952928137277e+00,8.383542576607641905e+00,4.195926475958899005e+01
5.179310963500006437e+01,1.552490234375000000e+00,1.795561523437499973e-01,8.646265884573233862e+00,8.383542576607641905e+00,5.397175881790358432e+01
5.188700887400000283e+01,1.552888183593750027e+00,1.828745117187499936e-01,8.491550675919226521e+00,8.383542576607641905e+00,4.607110277443631929e+01
5.199778490300002431e+01,1.552031249999999973e+00,1.813295898437499998e-01,8.559172561617607755e+00,8.383542576607641905e+00,5.009957652058366051e+01
5.210398718700002973e+01,1.556010742187500018e+00,1.868178710937500042e-01,8.329025125260386631e+00,8.383542576607641905e+00,3.944708280713818738e+01
5.223051547900001879e+01,1.552397460937499973e+00,1.842373046874999920e-01,8.426075617913802773e+00,8.383542576607641905e+00,4.484991056963727374e+01
5.234554946200000813e+01,1.552744140624999991e+00,1.788666992187500082e-01,8.681012996868849640e+00,8.383542576607641905e+00,5.611400088995235791e+01
5.243658061000007820e+01,1.553435058593749973e+00,1.865024414062499969e-01,8.329301465871813193e+00,8.383542576607641905e+00,3.895608886747052679e+01
5.256917637900005502e+01,1.553388671875000071e+00,1.789506835937499929e-01,8.680540586262692315e+00,8.383542576607641905e+00,5.665616595983861004e+01
5.265899920200001816e+01,1.549729003906249902e+00,1.875009765625000047e-01,8.265178306362987115e+00,8.383542576607641905e+00,3.629858833229990012e+01
5.280019887399998879e+01,1.545949707031250009e+00,1.812714843750000138e-01,8.528366788419475597e+00,8.383542576607641905e+00,5.027487888912143887e+01
5.290149139599998307e+01,1.545927734374999973e+00,1.824682617187499967e-01,8.472310306533403335e+00,8.383542576607641905e+00,4.691393906672795566e+01
5.300899870800003555e+01,1.545632324218749964e+00,1.813398437500000071e-01,8.523401654352367629e+00,8.383542576607641905e+00,4.962224429373052459e+01
5.311294300899999143e+01,1.545881347656250071e+00,1.862861328125000049e-01,8.298424173162715078e+00,8.383542576607641905e+00,3.921486685227712599e+01
5.324150302900000042e+01,1.544790039062500009e+00,1.822871093750000060e-01,8.474488647930483509e+00,8.383542576607641905e+00,4.814118865578826956e+01
5.334784066600002461e+01,1.545783691406249938e+00,1.828154296875000029e-01,8.455433406515920680e+00,8.383542576607641905e+00,4.668112478456494330e+01
5.345532746100002441e+01,1.545517578124999902e+00,1.837817382812499956e-01,8.409527478512693222e+00,8.383542576607641905e+00,4.474889235566694623e+01
5.356925715600004878e+01,1.547202148437500036e+00,1.768427734374999893e-01,8.749026710917958027e+00,8.383542576607641905e+00,6.044873853512286388e+01
5.365202897400001802e+01,1.545695800781250018e+00,1.849448242187499980e-01,8.357605071191525070e+00,8.383542576607641905e+00,4.091587705971379307e+01
5.377647300400008135e+01,1.544689941406250044e+00,1.823037109375000020e-01,8.473167844267432969e+00,8.383542576607641905e+00,4.847881976827083150e+01
5.388188651699999809e+01,1.545988769531249973e+00,1.852231445312499947e-01,8.346628459654608534e+00,8.383542576607641905e+00,4.231380215868986028e+01
5.400272979400006079e+01,1.545419921874999991e+00,1.766318359375000091e-01,8.749384920744619265e+00,8.383542576607641905e+00,6.113280965036049253e+01
5.408665193800004545e+01,1.546203613281250000e+00,1.860473632812499889e-01,8.310806377534282419e+00,8.383542576607641905e+00,3.924920797888574953e+01
5.421403594900004919e+01,1.545275878906249956e+00,1.827070312500000127e-01,8.457670557800438971e+00,8.383542576607641905e+00,4.840765475338541535e+01
5.431940244600002643e+01,1.545915527343749929e+00,1.836191406250000102e-01,8.419141501707210651e+00,8.383542576607641905e+00,4.614470806103157230e+01
5.443189181900004314e+01,1.548845214843749929e+00,1.793613281249999969e-01,8.635335336970369369e+00,8.383542576607641905e+00,5.621938509969390907e+01
5.452919059300006666e+01,1.552336425781249973e+00,1.863662109374999987e-01,8.329495019361869979e+00,8.383542576607641905e+00,4.140051367148996775e+01
5.465282203700007813e+01,1.544614257812499947e+00,1.824887695312500113e-01,8.464160626322787095e+00,8.383542576607641905e+00,4.900331770329447778e+01
5.475794072000007873e+01,1.546320800781249893e+00,1.873398437500000124e-01,8.254094643341186810e+00,8.383542576607641905e+00,3.892079094334816602e+01
5.488654379700005848e+01,1.544487304687500062e+00,1.787666015624999882e-01,8.639685999442797026e+00,8.383542576607641905e+00,5.717218982865711752e+01
5.497513196500005961e+01,1.546337890625000044e+00,1.835268554687499998e-01,8.425676376764938524e+00,8.383542576607641905e+00,4.594210776527057050e+01
5.508419636200005698e+01,1.545449218749999964e+00,1.785893554687499885e-01,8.653646879981190310e+00,8.383542576607641905e+00,5.760852735090085730e+01
5.517169322300003387e+01,1.545886230468749956e+00,1.820620117187499998e-01,8.490987306329669693e+00,8.383542576607641905e+00,4.922147697773448982e+01
5.527562154500003544e+01,1.545095214843750009e+00,1.859404296874999918e-01,8.309624848347977988e+00,8.383542576607641905e+00,4.194713583047584393e+01
5.539653110300002936e+01,1.544516601562500036e+00,1.789018554687500095e-01,8.633317958137617154e+00,8.383542576607641905e+00,5.740794363191190541e+01
5.548574347099997794e+01,1.546806640625000062e+00,1.828862304687499940e-01,8.457753416757665121e+00,8.383542576607641905e+00,4.812905006622421666e+01
5.559395294800003740e+01,1.546853027343749964e+00,1.885424804687499956e-01,8.204267937379414732e+00,8.383542576607641905e+00,3.760831595407249495e+01
5.572539085900007194e+01,1.544763183593750089e+00,1.800839843750000058e-01,8.578015357417871911e+00,8.383542576607641905e+00,5.540667044262316665e+01
5.581638627000006636e+01,1.545793457031249929e+00,1.864755859374999936e-01,8.289521919235824043e+00,8.383542576607641905e+00,4.077425269093257043e+01
5.594263936499999090e+01,1.544729003906250009e+00,1.831811523437499867e-01,8.432794444962748770e+00,8.383542576607641905e+00,4.872034988297134106e+01
5.604686605599999893e+01,1.545183105468749929e+00,1.908842773437499918e-01,8.094868403887131691e+00,8.383542576607641905e+00,3.271386269249108381e+01
5.620271813400006522e+01,1.545236816406249991e+00,1.846508789062500100e-01,8.368423836156175355e+00,8.383542576607641905e+00,4.613130402434678956e+01
5.631277945199997248e+01,1.545913085937500098e+00,1.787817382812499911e-01,8.646929495145366573e+00,8.383542576607641905e+00,5.794903930800397518e+01
5.639888623100000586e+01,1.545681152343749920e+00,1.817631835937499885e-01,8.503818659990168172e+00,8.383542576607641905e+00,5.023190423659196568e+01
5.650412926800004243e+01,1.546594238281250089e+00,1.854575195312500036e-01,8.339345000355434578e+00,8.383542576607641905e+00,4.365611810325523834e+01
5.662010380499998519e+01,1.545825195312499956e+00,1.777675781249999920e-01,8.695765626201698240e+00,8.383542576607641905e+00,6.059308222727813842e+01
5.670388200700006109e+01,1.544443359374999991e+00,1.877646484374999869e-01,8.225421410405106215e+00,8.383542576607641905e+00,3.730321227897893976e+01
5.683635187499999120e+01,1.544750976562500044e+00,1.789311523437500107e-01,8.633214263298503610e+00,8.383542576607641905e+00,5.829183291474377882e+01
5.692393379200007075e+01,1.544916992187499893e+00,1.864736328125000120e-01,8.284908535787041117e+00,8.383542576607641905e+00,4.074555178217928386e+01
5.705006692599999951e+01,1.543813476562500009e+00,1.849082031250000036e-01,8.349080519261034894e+00,8.383542576607641905e+00,4.551179639679534006e+01
5.716043291100004353e+01,1.545229492187500053e+00,1.782226562500000000e-01,8.670219178082192002e+00,8.383542576607641905e+00,5.987424530177923998e+01
5.724432842800001708e+01,1.545957031249999947e+00,1.838901367187500135e-01,8.406960040572798221e+00,8.383542576607641905e+00,4.633970465531486838e+01
5.735062023600005432e+01,1.545119628906250098e+00,1.829111328124999880e-01,8.447378818052227345e+00,8.383542576607641905e+00,4.978336456987337755e+01
5.745309942300002604e+01,1.544907226562499902e+00,1.865175781249999998e-01,8.282904175000261660e+00,8.383542576607641905e+00,4.210862096427277379e+01
5.757422425900006147e+01,1.546057128906249911e+00,1.800693359374999913e-01,8.585898986393045718e+00,8.383542576607641905e+00,5.652674431244093967e+01
5.766302076099998430e+01,1.545129394531250089e+00,1.857089843749999969e-01,8.320165013724851732e+00,8.383542576607641905e+00,4.309402100892314991e+01
5.777894733699997687e+01,1.549396972656249982e+00,1.793642578125000109e-01,8.638270475692685579e+00,8.383542576607641905e+00,5.898188359202953990e+01
5.786403049400007603e+01,1.551496582031250071e+00,1.863500976562499911e-01,8.325708446331015367e+00,8.383542576607641905e+00,4.322130319465314585e+01
5.797923437100007504e+01,1.549846191406250018e+00,1.789365234374999947e-01,8.661430107350831520e+00,8.383542576607641905e+00,6.026429832510802242e+01
5.806268572600004063e+01,1.550537109375000000e+00,1.870297851562499891e-01,8.290321822695979392e+00,8.383542576607641905e+00,4.166232373386196741e+01
5.818383147100007591e+01,1.549858398437500062e+00,1.850209960937500009e-01,8.376662277032536963e+00,8.383542576607641905e+00,4.768678315203445806e+01
5.829027972400001545e+01,1.550534667968749947e+00,1.860522460937500122e-01,8.333866967601400333e+00,8.383542576607641905e+00,4.536465390237951567e+01
5.840167768300000262e+01,1.550187988281249929e+00,1.796025390625000107e-01,8.631214215417070790e+00,8.383542576607641905e+00,5.906982996813002273e+01
5.849174827100000584e+01,1.550773925781250062e+00,1.865488281250000102e-01,8.312965250803555861e+00,8.383542576607641905e+00,4.317513785691532036e+01
5.860633648600003198e+01,1.550356445312500053e+00,1.808051757812499938e-01,8.574734869250775660e+00,8.383542576607641905e+00,5.677421152827916018e+01
5.869567250500006139e+01,1.551455078125000053e+00,1.860639648437500127e-01,8.338288821416105279e+00,8.383542576607641905e+00,4.481027487735522641e+01
5.880677074400000492e+01,1.548813476562499902e+00,1.810156250000000133e-01,8.556241907639186905e+00,8.383542576607641905e+00,5.602450556590581954e+01
5.889802363800004059e+01,1.549794921875000009e+00,1.885141601562499991e-01,8.221106152399650924e+00,8.383542576607641905e+00,3.965360440577438794e+01
5.902527748900001825e+01,1.548447265624999902e+00,1.882094726562499876e-01,8.227254684747556723e+00,8.383542576607641905e+00,4.156111555908917410e+01
5.914776280099999894e+01,1.549484863281249902e+00,1.824116210937500038e-01,8.494441604051619521e+00,8.383542576607641905e+00,5.345093358723988786e+01
5.924166245499998240e+01,1.550351562499999947e+00,1.826953125000000122e-01,8.485995296129997811e+00,8.383542576607641905e+00,5.207364337784532182e+01
5.934010619000002862e+01,1.548540039062499929e+00,1.879296874999999978e-01,8.239996882145083745e+00,8.383542576607641905e+00,4.088790521739542783e+01
5.946897910600000614e+01,1.554357910156249911e+00,1.812202148437500049e-01,8.577177283982550193e+00,8.383542576607641905e+00,5.718207373600147037e+01
5.956558364900001834e+01,1.553566894531249964e+00,1.878500976562499925e-01,8.270248000478273909e+00,8.383542576607641905e+00,4.189906590860354640e+01
5.968535060900001099e+01,1.548508300781249902e+00,1.791313476562499951e-01,8.644541120478873353e+00,8.383542576607641905e+00,6.033457173630245762e+01
5.976794302600001174e+01,1.550759277343749964e+00,1.840727539062499973e-01,8.424708407054996684e+00,8.383542576607641905e+00,4.868130986827776496e+01
5.987257862600006320e+01,1.547631835937500089e+00,1.897988281250000131e-01,8.154064233306234755e+00,8.383542576607641905e+00,3.765342587664554230e+01
6.000381637700002102e+01,1.549106445312500080e+00,1.841440429687500047e-01,8.412471130414953535e+00,8.383542576607641905e+00,5.030540573173797014e+01
6.010639610300006552e+01,1.550058593749999991e+00,1.865468750000000009e-01,8.309217689923778849e+00,8.114881808413111131e+00,5.563322805605357502e+01
6.019766807300004530e+01,1.549426269531249956e+00,1.887768554687500044e-01,8.207713099595203232e+00,8.114881808413111131e+00,5.160504202549941510e+01
6.029804770300006567e+01,1.550104980468749893e+00,1.888945312499999973e-01,8.206193002047273310e+00,8.114881808413111131e+00,5.218435952712216874e+01
6.039520005899998978e+01,1.549013671875000053e+00,1.846513671874999984e-01,8.388855687713862253e+00,8.114881808413111131e+00,6.070475378984086490e+01
6.047769023700004709e+01,1.549848632812500071e+00,1.866855468749999969e-01,8.301920843664669647e+00,8.114881808413111131e+00,5.591457449465290352e+01
6.057180205800000294e+01,1.552414550781249902e+00,1.874853515625000133e-01,8.280191160767767400e+00,8.114881808413111131e+00,5.561244471956330671e+01
6.066260303100000328e+01,1.547268066406249920e+00,1.905517578125000000e-01,8.119935938500960404e+00,8.114881808413111131e+00,4.843974905569054812e+01
6.076904200900003161e+01,1.548845214843749929e+00,1.876035156249999947e-01,8.255949840192393197e+00,8.114881808413111131e+00,5.555189848832233679e+01
6.086058279200005927e+01,1.547846679687499893e+00,1.872050781250000073e-01,8.268187461528027526e+00,8.114881808413111131e+00,5.560965699756801683e+01
6.095169594800006507e+01,1.547207031249999920e+00,1.849985351562500047e-01,8.363347471606878969e+00,8.114881808413111131e+00,6.009779704692725488e+01
6.103524439700004223e+01,1.547236328124999893e+00,1.864111328124999911e-01,8.300128349529821037e+00,8.114881808413111131e+00,5.682326425623141830e+01
6.112430801200002861e+01,1.547731933593750053e+00,1.873940429687500075e-01,8.259237642105043520e+00,8.114881808413111131e+00,5.546499126160524185e+01
6.121642214400003468e+01,1.546796875000000071e+00,1.885878906250000042e-01,8.201994676719451149e+00,8.114881808413111131e+00,5.317435777182173950e+01
6.131043998500001635e+01,1.548474121093750044e+00,1.858789062500000033e-01,8.330553220552694427e+00,8.114881808413111131e+00,5.951387861306814386e+01
6.139513652000005095e+01,1.548937988281249956e+00,1.879892578125000047e-01,8.239502651934275335e+00,8.114881808413111131e+00,5.475619567402795695e+01
6.148894499200002883e+01,1.547888183593749911e+00,1.885141601562499991e-01,8.210991589760590514e+00,8.114881808413111131e+00,5.409151130972219335e+01
6.158284335200005444e+01,1.548662109374999929e+00,1.816308593750000089e-01,8.526426151943651277e+00,8.114881808413111131e+00,6.892705588657277360e+01
6.165683136699999523e+01,1.548581542968749947e+00,1.867124023437500002e-01,8.293940432075357805e+00,8.114881808413111131e+00,5.650900044863221439e+01
6.174662549599997874e+01,1.547221679687500018e+00,1.893549804687499893e-01,8.171011271302917933e+00,8.114881808413111131e+00,5.252901783387390822e+01
6.184539145300004748e+01,1.546945800781249991e+00,1.875761718750000029e-01,8.247027249346619016e+00,8.114881808413111131e+00,5.676944114285094400e+01
6.193652751700005865e+01,1.547211914062500027e+00,1.914248046875000053e-01,8.082609338890618389e+00,8.114881808413111131e+00,4.887631843945466414e+01
6.204059373500001584e+01,1.546093750000000044e+00,1.879086914062499947e-01,8.227899084547484421e+00,8.114881808413111131e+00,5.640581804390767218e+01
6.213144802400006483e+01,1.547441406249999929e+00,1.888110351562500011e-01,8.195714858347233900e+00,8.114881808413111131e+00,5.431670857946524222e+01
6.222409874599998147e+01,1.547231445312500009e+00,1.845834960937499936e-01,8.382284863250509588e+00,8.114881808413111131e+00,6.321126827539044513e+01
6.230438208900000063e+01,1.547480468749999893e+00,1.887226562500000093e-01,8.199759898991988649e+00,8.114881808413111131e+00,5.383477599891813270e+01
6.239900213099997472e+01,1.546582031250000044e+00,1.826992187500000031e-01,8.465181415834598155e+00,8.114881808413111131e+00,6.732238490897141503e+01
6.247568449900006726e+01,1.547355957031250062e+00,1.906987304687499940e-01,8.114138742443369523e+00,8.114881808413111131e+00,4.958877256801775246e+01
6.258289047300002039e+01,1.549482421875000071e+00,1.849453124999999865e-01,8.378057280446078892e+00,8.114881808413111131e+00,6.394733772924016080e+01
6.266259706100004223e+01,1.546923828124999956e+00,1.926972656250000027e-01,8.027741458124284080e+00,8.114881808413111131e+00,4.643684135434326521e+01
6.277029503200003546e+01,1.545898437500000000e+00,1.832534179687499987e-01,8.435850499463100505e+00,8.114881808413111131e+00,6.719913203608986407e+01
6.284654081000007864e+01,1.547128906249999991e+00,1.864233398437500078e-01,8.299008630285886312e+00,8.114881808413111131e+00,5.907370525968914876e+01
6.293158228700008294e+01,1.546105957031250089e+00,1.863427734374999978e-01,8.297107145664648797e+00,8.114881808413111131e+00,6.003879894949902507e+01
6.301409654100007174e+01,1.545422363281250044e+00,1.890170898437500135e-01,8.176098598062033318e+00,8.114881808413111131e+00,5.452690052031186951e+01
6.310567834500000117e+01,1.545988769531249973e+00,1.891528320312499956e-01,8.173225602436852810e+00,8.114881808413111131e+00,5.518297551627326669e+01
6.319902445200000329e+01,1.546369628906250071e+00,1.892534179687500040e-01,8.170894061007608400e+00,8.114881808413111131e+00,5.514519718279268545e+01
6.329056495999998333e+01,1.541843261718750080e+00,1.905600585937499980e-01,8.091114544657887819e+00,8.114881808413111131e+00,5.150897405373896021e+01
6.339032815400003074e+01,1.539743652343749991e+00,1.859663085937499905e-01,8.279691434362849378e+00,8.114881808413111131e+00,6.059734858715976458e+01
6.347253422500000397e+01,1.540424804687499982e+00,1.867416992187500013e-01,8.248959986612524276e+00,8.114881808413111131e+00,5.834629272205326345e+01
6.356189673000005769e+01,1.541674804687499956e+00,1.845458984374999944e-01,8.353882788728668629e+00,8.114881808413111131e+00,6.353072936173566632e+01
6.364195107500006543e+01,1.539978027343750000e+00,1.895844726562500027e-01,8.122912207773476112e+00,8.114881808413111131e+00,5.226953420562451669e+01
6.373887456500006010e+01,1.539064941406250053e+00,1.866318359374999902e-01,8.246529503796223182e+00,8.114881808413111131e+00,5.942160170696149635e+01
6.382263549599997532e+01,1.539711914062499964e+00,1.868408203124999889e-01,8.240768326146609368e+00,8.114881808413111131e+00,5.862414947222251982e+01
6.390929803799997444e+01,1.540344238281250000e+00,1.872426757812500064e-01,8.226459229202577106e+00,8.114881808413111131e+00,5.810031807174552654e+01
6.399553180400005203e+01,1.539284667968749964e+00,1.849785156250000062e-01,8.321424046289159548e+00,8.114881808413111131e+00,6.271019539293275358e+01
6.407678816100008135e+01,1.539548339843749947e+00,1.887705078124999880e-01,8.155661377851123106e+00,8.114881808413111131e+00,5.454226854860778673e+01
6.416892746200005604e+01,1.539064941406250053e+00,1.891074218749999869e-01,8.138575028660547162e+00,8.114881808413111131e+00,5.480787324082265854e+01
6.426126444700003049e+01,1.537717285156249947e+00,1.900053710937499862e-01,8.093020088350710850e+00,8.114881808413111131e+00,5.281150156383629479e+01
6.435877713800005040e+01,1.539370117187500053e+00,1.863100585937499942e-01,8.262410139347894145e+00,8.114881808413111131e+00,6.084620039945667713e+01
6.444525497799997993e+01,1.542656250000000062e+00,1.888354492187500067e-01,8.169314905555483008e+00,8.114881808413111131e+00,5.576278406640790308e+01
6.454271746500000972e+01,1.544931640624999991e+00,1.915083007812500016e-01,8.067178468622596910e+00,8.114881808413111131e+00,5.164492540058470382e+01
6.464141648200006784e+01,1.537714843749999893e+00,1.840214843749999885e-01,8.356170199216718331e+00,8.114881808413111131e+00,6.543065705173079039e+01
6.471937719400000333e+01,1.539765625000000027e+00,1.917138671874999978e-01,8.031581896441943869e+00,8.114881808413111131e+00,4.883720702476261266e+01
6.482662855900002796e+01,1.539516601562499920e+00,1.906806640625000049e-01,8.073795049601294238e+00,8.114881808413111131e+00,5.275969912156751462e+01
6.492273405600008118e+01,1.538835449218749929e+00,1.853701171874999887e-01,8.301421354026730981e+00,8.114881808413111131e+00,6.303141515022944930e+01
6.500315838100004839e+01,1.539741210937499938e+00,1.890610351562500013e-01,8.144148844128441311e+00,8.114881808413111131e+00,5.460199960421490317e+01
6.509522218400002203e+01,1.539355468749999956e+00,1.834228515624999889e-01,8.392386530014642076e+00,8.114881808413111131e+00,6.711294374028746290e+01
6.517285936200005381e+01,1.539824218749999973e+00,1.902363281249999927e-01,8.094270079362635428e+00,8.114881808413111131e+00,5.190424665708381013e+01
6.527254885399997875e+01,1.537475585937500000e+00,1.888349609374999905e-01,8.141901151695998706e+00,8.114881808413111131e+00,5.599520495689323951e+01
6.536386823600003027e+01,1.539279785156250080e+00,1.877285156250000087e-01,8.199499048035207238e+00,8.114881808413111131e+00,5.845284128905075249e+01
6.544948937900005603e+01,1.538342285156250044e+00,1.858862304687499967e-01,8.275719407924979620e+00,8.114881808413111131e+00,6.176886406189404966e+01
6.553541435300007834e+01,1.541877441406249938e+00,1.908579101562500047e-01,8.078666690544595852e+00,8.114881808413111131e+00,5.226316258599475617e+01
6.563287617499997850e+01,1.537985839843750036e+00,1.853579101562499998e-01,8.297384441523341536e+00,8.114881808413111131e+00,6.345961285590763623e+01
6.571303404000002502e+01,1.538972167968750027e+00,1.914335937499999918e-01,8.039195931193503952e+00,8.114881808413111131e+00,5.033876946226371984e+01
6.581642119200000707e+01,1.538269042968750000e+00,1.882871093750000113e-01,8.169805400246879401e+00,8.114881808413111131e+00,5.786212106384022746e+01
6.590436178200002360e+01,1.538552246093749964e+00,1.866440429687500069e-01,8.243243243243242091e+00,8.114881808413111131e+00,6.069844412176332327e+01
6.598656967099998383e+01,1.538623046874999956e+00,1.860493164062499982e-01,8.269974201438735406e+00,8.114881808413111131e+00,6.164020651483809843e+01
6.606793486100002610e+01,1.538325195312499893e+00,1.894736328124999869e-01,8.118940733219599082e+00,8.114881808413111131e+00,5.451156331906139485e+01
6.616044255100007376e+01,1.538110351562500089e+00,1.881181640625000095e-01,8.176298972657852104e+00,8.114881808413111131e+00,5.810076816479354989e+01
6.624796329299999798e+01,1.538061523437499911e+00,1.882001953125000127e-01,8.172475702714342205e+00,8.114881808413111131e+00,5.766635903676373687e+01
6.633551066400002583e+01,1.538623046874999956e+00,1.876235351562499931e-01,8.200586592687630016e+00,8.114881808413111131e+00,5.904821361935022139e+01
6.642147569500002646e+01,1.538823242187500107e+00,1.871850585937500089e-01,8.220865777151725950e+00,8.114881808413111131e+00,5.990789323041633452e+01
6.650791457299999365e+01,1.540322265624999964e+00,1.884194335937499909e-01,8.174964950516089957e+00,8.114881808413111131e+00,5.774032012705087169e+01
6.659668023300002915e+01,1.538342285156250044e+00,1.881396484375000011e-01,8.176598063896602042e+00,8.114881808413111131e+00,5.813516225054198827e+01
6.668399395799997365e+01,1.537856445312500098e+00,1.884877929687500120e-01,8.158917991933122948e+00,8.114881808413111131e+00,5.735597186838549533e+01
6.677264908100005414e+01,1.538090820312500107e+00,1.881044921874999998e-01,8.176789413297754550e+00,8.114881808413111131e+00,5.832774715568179147e+01
6.686004432400000042e+01,1.537939453124999911e+00,1.891533203125000118e-01,8.130650049304826155e+00,8.114881808413111131e+00,5.613118399057287888e+01
6.695055971199997202e+01,1.537644042968749902e+00,1.929667968750000129e-01,7.968438445733255548e+00,8.114881808413111131e+00,4.887806015268425597e+01
6.705509720999998535e+01,1.537290039062499947e+00,1.929780273437499971e-01,7.966140291838195608e+00,8.114881808413111131e+00,4.951573325536066505e+01
6.716374910700005785e+01,1.541511230468749938e+00,1.903925781249999893e-01,8.096488033565515607e+00,8.114881808413111131e+00,5.532046179501683270e+01
6.725430795900001613e+01,1.538327636718749947e+00,1.894155273437500009e-01,8.121444204133293709e+00,8.114881808413111131e+00,5.586263138232494185e+01
6.734634731900007409e+01,1.538256835937499956e+00,1.930893554687500013e-01,7.966554304369485529e+00,8.114881808413111131e+00,4.855132593121602724e+01
6.745147886900008416e+01,1.537478027343750053e+00,1.941445312500000020e-01,7.919244582603972127e+00,8.114881808413111131e+00,4.706964659546572705e+01
6.756134722100000545e+01,1.540527343750000000e+00,1.879809570312500067e-01,8.195124485369559508e+00,8.114881808413111131e+00,5.967319655929637889e+01
6.764634464699997807e+01,1.539003906250000053e+00,1.897983398437499969e-01,8.108626806309123580e+00,8.114881808413111131e+00,5.444381115179431418e+01
6.773903833700001087e+01,1.538117675781250027e+00,1.872983398437499947e-01,8.212126584060461809e+00,8.114881808413111131e+00,5.974123558608705764e+01
6.782301517799999147e+01,1.538881835937500053e+00,1.875424804687499947e-01,8.205510730641755401e+00,8.114881808413111131e+00,5.895503715468601769e+01
6.790760629200008225e+01,1.538261718750000062e+00,1.880043945312500075e-01,8.182051928016559117e+00,8.114881808413111131e+00,5.797424164560260351e+01
6.799439548400005151e+01,1.538310546875000018e+00,1.881875000000000075e-01,8.174350298904018430e+00,8.114881808413111131e+00,5.781207162253522824e+01
6.808153626700004679e+01,1.538212890625000107e+00,1.887392578125000053e-01,8.149936099426188463e+00,8.114881808413111131e+00,5.677050757500858680e+01
6.817061155600003985e+01,1.537873535156250027e+00,1.905361328125000087e-01,8.071296044774971534e+00,8.114881808413111131e+00,5.328421408303975682e+01
6.826538958499997989e+01,1.537932128906249973e+00,1.890463867187499869e-01,8.135210387248914543e+00,8.114881808413111131e+00,5.663901584604042228e+01
6.835427772700006699e+01,1.537839355468749947e+00,1.888569335937499982e-01,8.142880042608311442e+00,8.114881808413111131e+00,5.667672762454893132e+01
6.844413549199998670e+01,1.537797851562499929e+00,1.892539062499999925e-01,8.125580507337613057e+00,8.114881808413111131e+00,5.585494196668199152e+01
6.853676733100007823e+01,1.540319824218749911e+00,1.925170898437499889e-01,8.000951112801978127e+00,8.114881808413111131e+00,5.018779786610686244e+01
6.863906658600001265e+01,1.537729492187499991e+00,1.873730468750000044e-01,8.206780632720070301e+00,8.114881808413111131e+00,6.019373756321329694e+01
6.872321087099999204e+01,1.537687988281249973e+00,1.901254882812500047e-01,8.087753000305616169e+00,8.114881808413111131e+00,5.369649674087012414e+01
6.881884889399998428e+01,1.538166503906249982e+00,1.887661132812500087e-01,8.148530883901155875e+00,8.114881808413111131e+00,5.718478772276650801e+01
6.890818358800004262e+01,1.538093261718749938e+00,1.915405273437499889e-01,8.030119176598050856e+00,8.114881808413111131e+00,5.139210822428650971e+01
6.900669990599999437e+01,1.537883300781250018e+00,1.886992187500000084e-01,8.149918748835572657e+00,8.114881808413111131e+00,5.748936701577538599e+01
6.909635880300004374e+01,1.537602539062500107e+00,1.901254882812500047e-01,8.087303564411868706e+00,8.114881808413111131e+00,5.400284132103720225e+01
6.918905484599997635e+01,1.537751464843750027e+00,1.859887695312499867e-01,8.267980205038002239e+00,8.114881808413111131e+00,6.269545722645115404e+01
6.926880490200005625e+01,1.538212890625000107e+00,1.897197265624999962e-01,8.107817349811863750e+00,8.114881808413111131e+00,5.430520103565402223e+01
6.936123242899998331e+01,1.537900390624999947e+00,1.873388671875000078e-01,8.209190189485754630e+00,8.114881808413111131e+00,5.999960976232019760e+01
6.944920568899999580e+01,1.543107910156249929e+00,1.921054687500000080e-01,8.032607922080561735e+00,8.114881808413111131e+00,5.131216678318540403e+01
6.955638630200007810e+01,1.542021484374999973e+00,1.894223632812500058e-01,8.140651703756022428e+00,8.114881808413111131e+00,5.716879337109526205e+01
6.964560236800002713e+01,1.538369140624999964e+00,1.922353515624999898e-01,8.002529857911394373e+00,8.114881808413111131e+00,5.026542379546820172e+01
6.974781942200002050e+01,1.536437988281250000e+00,1.884614257812499971e-01,8.152532975446215247e+00,8.114881808413111131e+00,5.781189127662393190e+01
6.983507959400003529e+01,1.537097167968749956e+00,1.880229492187500129e-01,8.175050834781117715e+00,8.114881808413111131e+00,5.816027680275897893e+01
6.992188302900001418e+01,1.538278808593749991e+00,1.921674804687500127e-01,8.004886179708758931e+00,8.114881808413111131e+00,5.014900256906676645e+01
7.002512642700003198e+01,1.537937011718750080e+00,1.928061523437500091e-01,7.976597183355408127e+00,8.114881808413111131e+00,4.971785257540651060e+01
7.012877128700006324e+01,1.537507324218750027e+00,1.893090820312499922e-01,8.121677564127365301e+00,7.634000000000000341e+00,7.609868831076795459e+01
7.019538069100008215e+01,1.538613281249999964e+00,1.973081054687499947e-01,7.798023692917614547e+00,7.634000000000000341e+00,6.013247951908746103e+01
7.027925075799998922e+01,1.537395019531250018e+00,1.936381835937500129e-01,7.939524070090853591e+00,7.634000000000000341e+00,6.932172367347592967e+01
7.035410701400007838e+01,1.537590332031250062e+00,1.925322265624999918e-01,7.986145278032797279e+00,7.634000000000000341e+00,7.091799690700163694e+01
7.042517418500005988e+01,1.535859375000000027e+00,1.932622070312499940e-01,7.947023883214039408e+00,7.634000000000000341e+00,6.898895105813282669e+01
7.050143717299999935e+01,1.537973632812499991e+00,1.934873046875000002e-01,7.948705654339805804e+00,7.634000000000000341e+00,6.958291127117648500e+01
7.057667366800001219e+01,1.536579589843749982e+00,1.984580078125000036e-01,7.742593039105210018e+00,7.634000000000000341e+00,6.003667154891378033e+01
7.065923400200006199e+01,1.532458496093749956e+00,1.929770507812499925e-01,7.941143726104899159e+00,7.634000000000000341e+00,7.080700104941260520e+01
7.073063883700001497e+01,1.533420410156250080e+00,1.995126953124999880e-01,7.685828752673751652e+00,7.634000000000000341e+00,5.764124637498322556e+01
7.082036997600005179e+01,1.533132324218750009e+00,1.962983398437500027e-01,7.810215437578820641e+00,7.634000000000000341e+00,6.525566530892677974e+01
7.089758158699999058e+01,1.532658691406250107e+00,1.966894531249999967e-01,7.792276947519984454e+00,7.634000000000000341e+00,6.385112010236888835e+01
7.097782923300007951e+01,1.533078613281249947e+00,1.959677734374999925e-01,7.823115946001165888e+00,7.634000000000000341e+00,6.554473878493803340e+01
7.105572463600003630e+01,1.531687011718749991e+00,1.976762695312500040e-01,7.748461741770225508e+00,7.634000000000000341e+00,6.197635663761112568e+01
7.113695416600000954e+01,1.531972656250000009e+00,1.990854492187499880e-01,7.695050855106480903e+00,7.634000000000000341e+00,6.003992377590824958e+01
7.122056853100002627e+01,1.531960449218749964e+00,1.965053710937499920e-01,7.796023287769945576e+00,7.634000000000000341e+00,6.514688671776384865e+01
7.129943279899998743e+01,1.531833496093750080e+00,1.998188476562499927e-01,7.666111150480538150e+00,7.634000000000000341e+00,5.854828543093127280e+01
7.138645038200002091e+01,1.531643066406249920e+00,1.952207031250000058e-01,7.845699978990124279e+00,7.634000000000000341e+00,6.777158021840173774e+01
7.146290346199998567e+01,1.532177734375000044e+00,1.959497070312500033e-01,7.819239730379636377e+00,7.634000000000000341e+00,6.564984554762804692e+01
7.154277083400006632e+01,1.533662109375000027e+00,2.005732421875000004e-01,7.646394367705843464e+00,7.634000000000000341e+00,5.783681019125081946e+01
7.163028037700007644e+01,1.531020507812500098e+00,1.953276367187500029e-01,7.838217538140794360e+00,7.634000000000000341e+00,6.786662430864271300e+01
7.170444084200005364e+01,1.531538085937500071e+00,1.913330078125000111e-01,8.004568074518310539e+00,7.634000000000000341e+00,7.482099567374632443e+01
7.177204390800000056e+01,1.531096191406249973e+00,1.982695312499999918e-01,7.722296924562129128e+00,7.634000000000000341e+00,6.038051706340698388e+01
7.185507025800006886e+01,1.530112304687500036e+00,1.940415039062499958e-01,7.885489825036424705e+00,7.634000000000000341e+00,7.018759619941430117e+01
7.192782119600008173e+01,1.529746093750000036e+00,1.957763671874999944e-01,7.813742361890510857e+00,7.634000000000000341e+00,6.597255926517719615e+01
7.200373550200004047e+01,1.529384765624999920e+00,1.963334960937500040e-01,7.789729190655846125e+00,7.634000000000000341e+00,6.546521216173647417e+01
7.208156266600008166e+01,1.529216308593750018e+00,1.959750976562500135e-01,7.803115430900668947e+00,7.634000000000000341e+00,6.637644528145331435e+01
7.215750286100001176e+01,1.528676757812500009e+00,1.932099609375000082e-01,7.911997654753419873e+00,7.634000000000000341e+00,7.157382806619698101e+01
7.222810105600001407e+01,1.528417968749999911e+00,2.002651367187499865e-01,7.631972263332545303e+00,7.634000000000000341e+00,5.767072288292914806e+01
7.231552285899999788e+01,1.527746582031249911e+00,1.989296875000000075e-01,7.679832011153437499e+00,7.634000000000000341e+00,6.188259064977019364e+01
7.239798654800006261e+01,1.528654785156249973e+00,2.008603515625000113e-01,7.610535246328050896e+00,7.634000000000000341e+00,5.839750102447312230e+01
7.248652275100005227e+01,1.527651367187500053e+00,1.964916992187500100e-01,7.774635637339562422e+00,7.634000000000000341e+00,6.643286488202615203e+01
7.256386560400005692e+01,1.529667968750000107e+00,1.952402343749999880e-01,7.834798875583967259e+00,7.634000000000000341e+00,6.845695849800850397e+01
7.263771938700006103e+01,1.527746582031249911e+00,1.931352539062499984e-01,7.910241921823527811e+00,7.634000000000000341e+00,7.180053241257388663e+01
7.270821895200003837e+01,1.526831054687499911e+00,2.019199218749999913e-01,7.561567182225317652e+00,7.634000000000000341e+00,5.481882757723596455e+01
7.280130849600004694e+01,1.526743164062499991e+00,2.001494140625000029e-01,7.628017155152644335e+00,7.634000000000000341e+00,6.030073996595015728e+01
7.288308776300004865e+01,1.527470703125000107e+00,1.967656249999999996e-01,7.762894068133090464e+00,7.634000000000000341e+00,6.626976215059549702e+01
7.295908392100000128e+01,1.527434082031249973e+00,1.965771484374999878e-01,7.770150773740033934e+00,7.634000000000000341e+00,6.588596229585921549e+01
7.303541024300000117e+01,1.526953124999999911e+00,1.971860351562499947e-01,7.743718381426169195e+00,7.634000000000000341e+00,6.469151484811163755e+01
7.311759391600003255e+01,1.527329101562499902e+00,2.039838867187500071e-01,7.487498773216135994e+00,7.634000000000000341e+00,5.293728829506098066e+01
7.321376445900000363e+01,1.526635742187500089e+00,1.980112304687499936e-01,7.709844227388066074e+00,7.634000000000000341e+00,6.461856118246946323e+01
7.329285183700005746e+01,1.527048339843749991e+00,2.010058593750000122e-01,7.597033960064130120e+00,7.634000000000000341e+00,5.820730352315295164e+01
7.337940970300007848e+01,1.527180175781249982e+00,1.985747070312499918e-01,7.690708442243429310e+00,7.634000000000000341e+00,6.325767096146206825e+01
7.346007636800004548e+01,1.527136230468749911e+00,2.005283203125000080e-01,7.615563866933539039e+00,7.634000000000000341e+00,5.923014862414381554e+01
7.354771065199997793e+01,1.528972167968750018e+00,2.014057617187499927e-01,7.591501627961666721e+00,7.634000000000000341e+00,5.855891042470072705e+01
7.363412629700007983e+01,1.526455078124999920e+00,1.969072265625000095e-01,7.752153665322639498e+00,7.634000000000000341e+00,6.615393801206383273e+01
7.371133420700004990e+01,1.527543945312499929e+00,1.993222656249999947e-01,7.663689455479016033e+00,7.634000000000000341e+00,6.113584588529833042e+01
7.379379871100002219e+01,1.527119140624999982e+00,1.988759765625000009e-01,7.678751184636310789e+00,7.634000000000000341e+00,6.243942779678801003e+01
7.387442815300005350e+01,1.526555175781250107e+00,1.996650390624999938e-01,7.645580733357136616e+00,7.634000000000000341e+00,6.082492498352451804e+01
7.395692638000002717e+01,1.527016601562499964e+00,1.968906250000000135e-01,7.755659273073565174e+00,7.634000000000000341e+00,6.620132219038636379e+01
7.403422843700002431e+01,1.526999511718750036e+00,2.015810546875000109e-01,7.575114209447773028e+00,7.634000000000000341e+00,5.709905309871874834e+01
7.412291182700005265e+01,1.524272460937500018e+00,2.009604492187500036e-01,7.584937567880806419e+00,7.634000000000000341e+00,5.867161169883385696e+01
7.420876168000006601e+01,1.525986328124999902e+00,1.926201171874999951e-01,7.922258331094131911e+00,7.634000000000000341e+00,7.432118567263698594e+01
7.427756270200006838e+01,1.527258300781249911e+00,2.010097656250000031e-01,7.597930856904106633e+00,7.634000000000000341e+00,5.700223472910830935e+01
7.436674314399999730e+01,1.527194824218750080e+00,1.987387695312499980e-01,7.684433328337637370e+00,7.634000000000000341e+00,6.334874783917833696e+01
7.444926824100002705e+01,1.532297363281249991e+00,2.008916015624999940e-01,7.627483435660361799e+00,7.634000000000000341e+00,6.023534727110280329e+01
7.454178032700008316e+01,1.533740234374999956e+00,2.003276367187500073e-01,7.656158977846350133e+00,7.634000000000000341e+00,6.190282234655489191e+01
7.462370974300006310e+01,1.527170410156249991e+00,2.002578124999999931e-01,7.626021632270901129e+00,7.634000000000000341e+00,6.035184599419685014e+01
7.470643780199998218e+01,1.526977539062500000e+00,1.988403320312500111e-01,7.679415556510527985e+00,7.634000000000000341e+00,6.303181828275073428e+01
7.478745533500000420e+01,1.526970214843750062e+00,2.011640624999999905e-01,7.590670996931920378e+00,7.634000000000000341e+00,5.857656240708654849e+01
7.487377142600007573e+01,1.526701660156249973e+00,1.954140625000000131e-01,7.812649922040538542e+00,7.634000000000000341e+00,6.944345742860271287e+01
7.494631055299998934e+01,1.527475585937499991e+00,1.994208984374999938e-01,7.659556234605082281e+00,7.634000000000000341e+00,6.099705283954567392e+01
7.502815674700002546e+01,1.526577148437499920e+00,2.009721679687500040e-01,7.595962982669688834e+00,7.634000000000000341e+00,5.908901272694746609e+01
7.511382862100003877e+01,1.526982421875000107e+00,1.957607421875000031e-01,7.800248429853486876e+00,7.634000000000000341e+00,6.898352068055562825e+01
7.518819808800003557e+01,1.526625976562500098e+00,1.977446289062499973e-01,7.720189342216055017e+00,7.634000000000000341e+00,6.411486639558907541e+01
7.526788324200003899e+01,1.526335449218749973e+00,2.020771484374999927e-01,7.553231332788858055e+00,7.634000000000000341e+00,5.686269034979397929e+01
7.535766236599999957e+01,1.526572265625000036e+00,2.002377929687499947e-01,7.623796901633068224e+00,7.634000000000000341e+00,6.111686772991421890e+01
7.544021448299997701e+01,1.526821289062499920e+00,2.005283203125000080e-01,7.613993308691395789e+00,7.634000000000000341e+00,6.025584451254918150e+01
7.552877709599999889e+01,1.530854492187500027e+00,1.987119140624999947e-01,7.703888815171932691e+00,7.634000000000000341e+00,6.448027203427244558e+01
7.560773627300000044e+01,1.525981445312500018e+00,2.020131835937500064e-01,7.553870584908259467e+00,7.634000000000000341e+00,5.695856631818976012e+01
7.569631570199999260e+01,1.526682128906249991e+00,1.978647460937499880e-01,7.715786460428352811e+00,7.634000000000000341e+00,6.537203881265445204e+01
7.577422646000002260e+01,1.526547851562499947e+00,1.976889648437500091e-01,7.721967954908648402e+00,7.634000000000000341e+00,6.481354018059201394e+01
7.585270671500006756e+01,1.526274414062499973e+00,2.013198242187499987e-01,7.581341877211662528e+00,7.634000000000000341e+00,5.821158237730065821e+01
7.594003554000005352e+01,1.525356445312499920e+00,1.975141601562500071e-01,7.722770074337034885e+00,7.634000000000000341e+00,6.565187513526169028e+01
7.601817372300001807e+01,1.526303710937499947e+00,2.001650390624999942e-01,7.625226253726173020e+00,7.634000000000000341e+00,6.030936994059388212e+01
7.610128409599997212e+01,1.526286621093750018e+00,1.964501953124999922e-01,7.769331146074118344e+00,7.634000000000000341e+00,6.767718665867410266e+01
7.617789412299998730e+01,1.526091308593749973e+00,1.988710937500000053e-01,7.673771385358763020e+00,7.634000000000000341e+00,6.239463245718270912e+01
7.625888862099998278e+01,1.526091308593749973e+00,1.986689453125000115e-01,7.681579555341456533e+00,7.634000000000000341e+00,6.341735028524646367e+01
7.633883688499997788e+01,1.526286621093750018e+00,2.004213867187500109e-01,7.615387988685946574e+00,7.634000000000000341e+00,6.029263069398096064e+01
7.642258097600006295e+01,1.526176757812500062e+00,1.948217773437500022e-01,7.833707189313149577e+00,7.634000000000000341e+00,7.091011092268645655e+01
7.649796882600003300e+01,1.529414062499999893e+00,1.994409179687499922e-01,7.668506934668445574e+00,7.634000000000000341e+00,6.192938788452665477e+01
7.657910299000002396e+01,1.525427246093749911e+00,1.960883789062499993e-01,7.779284293145479090e+00,7.634000000000000341e+00,6.825647302381636905e+01
7.665394158499998412e+01,1.525900878906250036e+00,1.956943359374999913e-01,7.797368644300393115e+00,7.634000000000000341e+00,6.854002031137849826e+01
7.672766761200000474e+01,1.525307617187499964e+00,2.001572265625000124e-01,7.620547323637179460e+00,7.634000000000000341e+00,6.013694069382469110e+01
7.681160835000002862e+01,1.525278320312499991e+00,2.012734375000000131e-01,7.578140162248184986e+00,7.634000000000000341e+00,5.934070467940449589e+01
7.689670337600000494e+01,1.525256347656249956e+00,1.988740234374999916e-01,7.669459898746359805e+00,7.634000000000000341e+00,6.381287616540431173e+01
7.697620625500007918e+01,1.525231933593750089e+00,1.993139648437499967e-01,7.652408775217727666e+00,7.634000000000000341e+00,6.250159818455484384e+01
7.705694103300004372e+01,1.525751953124999893e+00,2.028525390625000036e-01,7.521483143254653392e+00,7.634000000000000341e+00,5.647012238307606680e+01
7.714777809600002456e+01,1.524975585937500044e+00,1.957729492187499920e-01,7.789511227281684214e+00,7.634000000000000341e+00,6.961865743751413049e+01
7.722008278200007680e+01,1.525266113281249947e+00,1.997250976562499891e-01,7.636827475265073772e+00,7.634000000000000341e+00,6.098221982963251264e+01
7.730304095300004974e+01,1.526206054687500036e+00,1.960747070312499896e-01,7.783798725473839220e+00,7.634000000000000341e+00,6.892694689216232007e+01
7.737788860299997395e+01,1.525607910156250080e+00,1.953247070312499889e-01,7.810624335979001742e+00,7.634000000000000341e+00,6.942560914113720116e+01
7.745065278700008093e+01,1.524709472656250009e+00,1.991337890625000107e-01,7.656708988637310753e+00,7.634000000000000341e+00,6.204866226728319845e+01
7.753503261499997734e+01,1.526616210937500107e+00,2.000898437499999960e-01,7.629653671202389909e+00,7.634000000000000341e+00,6.186011714452978794e+01
7.761804184100003567e+01,1.525380859375000009e+00,2.018281249999999971e-01,7.557821088488038797e+00,7.634000000000000341e+00,5.865121508309035647e+01
7.770524383500003296e+01,1.523125000000000062e+00,1.987797851562499996e-01,7.662373710700784990e+00,7.634000000000000341e+00,6.389023460511923957e+01
7.778492543599998044e+01,1.524470214843749893e+00,1.995839843749999953e-01,7.638239208509888023e+00,7.634000000000000341e+00,6.217728158926399828e+01
7.786513260599997466e+01,1.524204101562500080e+00,2.015908203125000020e-01,7.560880496441876097e+00,7.634000000000000341e+00,5.869351067103597330e+01
7.795127984900000229e+01,1.524499511718750089e+00,1.952509765625000115e-01,7.807896987551078638e+00,7.634000000000000341e+00,7.063992211824476897e+01
7.802307224200001201e+01,1.526242675781249947e+00,1.993144531250000129e-01,7.657461121618045041e+00,7.634000000000000341e+00,6.215790851757698476e+01
7.810427612900002714e+01,1.524418945312500107e+00,2.000615234374999996e-01,7.619750760264176748e+00,7.634000000000000341e+00,6.145342520328777880e+01
7.818529009100006988e+01,1.524267578124999911e+00,1.993237304687499878e-01,7.647195717942750548e+00,7.634000000000000341e+00,6.296349424205286027e+01
7.826619068399998014e+01,1.525119628906250080e+00,2.014189453124999862e-01,7.571877742384353738e+00,7.634000000000000341e+00,5.926571303598105089e+01
7.835024523800007046e+01,1.525065917968750018e+00,1.956044921875000064e-01,7.796681461215483111e+00,7.634000000000000341e+00,7.019748879386459350e+01
7.842162931899997602e+01,1.526130371093749938e+00,1.977641601562500073e-01,7.716920851017601279e+00,7.634000000000000341e+00,6.517022111195018397e+01
7.850158162200000334e+01,1.527001953125000089e+00,1.975112304687499931e-01,7.731215837707013705e+00,7.634000000000000341e+00,6.646768633050334074e+01
7.857784143100002439e+01,1.523994140624999938e+00,2.001030273437499896e-01,7.616047397458828527e+00,7.634000000000000341e+00,6.100217075747441697e+01
7.866031671700000061e+01,1.523454589843749929e+00,2.013144531249999869e-01,7.567537085366682348e+00,7.634000000000000341e+00,5.946860968781887635e+01
7.874527457900001082e+01,1.523964843749999964e+00,1.997353515624999964e-01,7.629920451378533031e+00,7.634000000000000341e+00,6.262172170627624013e+01
7.882622487499997987e+01,1.523747558593750107e+00,1.984863281250000000e-01,7.676838868388684567e+00,7.634000000000000341e+00,6.445579954507002185e+01
7.890504761199997574e+01,1.523813476562499991e+00,2.015014648437500056e-01,7.562294784031016626e+00,7.634000000000000341e+00,5.880111149408674009e+01
7.899035736000007546e+01,1.523198242187500107e+00,1.962993164062500073e-01,7.759569773718288488e+00,7.634000000000000341e+00,6.868208183952539514e+01
7.906537262200004079e+01,1.524450683593749911e+00,1.958730468750000120e-01,7.782850718438082183e+00,7.634000000000000341e+00,6.872385814708248120e+01
7.914025929299998552e+01,1.523676757812499893e+00,1.953779296875000071e-01,7.798612464824283386e+00,7.634000000000000341e+00,6.942781308015193531e+01
7.921438535700008288e+01,1.525788574218750027e+00,1.996572265625000120e-01,7.642040313232150162e+00,7.634000000000000341e+00,6.200948436655108509e+01
7.929628898099997514e+01,1.521345214843750071e+00,2.020556640625000011e-01,7.529337135400305137e+00,7.634000000000000341e+00,5.778366598396623743e+01
7.938527257700002338e+01,1.521352539062500009e+00,1.976801757812499949e-01,7.696029877806293662e+00,7.634000000000000341e+00,6.613125489795015710e+01
7.946622591100003774e+01,1.529006347656250098e+00,2.003530273437499898e-01,7.631560989756851043e+00,7.634000000000000341e+00,6.221573504836553781e+01
7.955438784500006477e+01,1.526435546874999938e+00,1.979672851562500058e-01,7.710544424904485439e+00,7.634000000000000341e+00,6.628865616239916392e+01
7.963170635100004802e+01,1.522541503906249982e+00,1.969204101562500031e-01,7.731760779383723303e+00,7.634000000000000341e+00,6.690212807571684550e+01
7.970805030799999713e+01,1.522382812500000071e+00,1.966181640624999893e-01,7.742839120479594328e+00,7.634000000000000341e+00,6.736369466009485052e+01
7.978394845399998303e+01,1.521762695312500080e+00,1.948876953124999978e-01,7.808408288026457811e+00,7.634000000000000341e+00,7.047825520280871103e+01
7.985641843600001266e+01,1.521694335937499920e+00,1.992871093749999933e-01,7.635688734257852772e+00,7.634000000000000341e+00,6.194704542472538122e+01
7.993789700800004994e+01,1.520705566406250098e+00,1.994174804687499913e-01,7.625738540230702078e+00,7.634000000000000341e+00,6.267292034902378361e+01
8.001910134000002017e+01,1.520192871093750009e+00,1.979223632812500133e-01,7.680753432261406388e+00,7.634000000000000341e+00,6.531128793670818311e+01
